rms_mean,rms_std,zcr_mean,zcr_std,flatness_mean,flatness_std,centroid_mean,centroid_std,bandwidth_mean,bandwidth_std,rolloff_mean,rolloff_std,contrast_mean,mfcc_1_mean,mfcc_1_std,mfcc_2_mean,mfcc_2_std,mfcc_3_mean,mfcc_3_std,mfcc_4_mean,mfcc_4_std,mfcc_5_mean,mfcc_5_std,mfcc_6_mean,mfcc_6_std,mfcc_7_mean,mfcc_7_std,mfcc_8_mean,mfcc_8_std,mfcc_9_mean,mfcc_9_std,mfcc_10_mean,mfcc_10_std,mfcc_11_mean,mfcc_11_std,mfcc_12_mean,mfcc_12_std,mfcc_13_mean,mfcc_13_std,f0_mean,f0_std,f0_voiced_ratio,f0_jitter,caller_num_turns,caller_turn_dur_mean,caller_turn_dur_std,caller_speech_ratio,agent_num_turns,agent_turn_dur_mean,response_latency_mean,response_latency_std,response_latency_min,overlap_ratio,silence_ratio,anon_id,label,split
0.032684773206710815,0.07654323428869247,0.19236127068014705,0.04108199139030236,0.14325208961963654,0.06299828737974167,1663.6644986863835,389.16133950932374,1139.4784776259069,194.87073128292923,3040.3147977941176,671.2508608660069,17.640554037732137,-411.0745544433594,158.44500732421875,13.673683166503906,31.350048065185547,-0.9449262619018555,17.987098693847656,4.745181560516357,15.625397682189941,-3.653172016143799,14.501900672912598,1.4058042764663696,6.992425441741943,-4.044309139251709,12.564445495605469,0.7350867390632629,6.3162312507629395,-1.779233455657959,7.774797439575195,-0.09119851142168045,6.539828300476074,-0.9009936451911926,5.645366191864014,-0.4878780245780945,4.285900115966797,-2.088660478591919,6.778506755828857,112.27892890309951,28.852063153202746,0.15058823529411763,11.452990032711059,14,1.228571428571429,1.1095099120323182,0.15811730097444388,20,2.785000000000001,2.8566666666666665,1.67959320471754,1.7399999999999949,0.028130170987313824,0.3579702151130719,call_0294f969f98b,synthetic,val
0.06944318860769272,0.11623542010784149,0.18508758849488524,0.05455371855434124,0.120717853307724,0.07361799478530884,1534.1918287209799,441.5434922768284,1093.3510471338789,194.543818217212,2849.545050523952,731.1240656670908,18.565179515866095,-342.834716796875,198.1759033203125,25.191865921020508,38.39921951293945,0.9726505875587463,19.190038681030273,4.857081413269043,11.84146785736084,-11.560599327087402,21.903156280517578,-2.527991771697998,9.426024436950684,-10.899259567260742,19.0788631439209,0.651248037815094,8.439618110656738,-6.978677272796631,11.629524230957031,0.784854531288147,6.311033248901367,-3.973526954650879,8.055228233337402,-0.8352643847465515,5.452410697937012,-3.7075212001800537,7.154247283935547,134.26988430087243,32.436930042062635,0.26646706586826346,11.634273631705067,10,4.3880000000000035,6.3823331157187315,0.3422243019809704,14,4.161428571428572,4.253846153846154,3.3959105235597242,0.8799999999999955,0.029168616440492862,0.23256902199344842,call_018c9d3823ac,synthetic,train
0.011366693302989006,0.02225024811923504,0.17808369801456767,0.049331833757106085,0.12633192539215088,0.07581973075866699,1508.999270393457,519.3546090136781,1081.3334279428886,238.4281344789462,2773.7679158834585,930.653570857981,17.765601090599834,-496.5209655761719,151.18768310546875,31.659242630004883,46.68276596069336,5.889399528503418,19.552352905273438,2.274080753326416,9.860950469970703,-8.729926109313965,19.74888038635254,0.008823343552649021,9.41500186920166,-5.350729942321777,14.257314682006836,-0.4073159694671631,6.837986946105957,-5.396456241607666,12.518948554992676,0.2588571608066559,5.831765174865723,-3.1622636318206787,9.019373893737793,0.0454598106443882,5.816643238067627,-2.3294718265533447,7.468778133392334,153.78664840724323,61.843540247402565,0.24774436090225563,17.2398448121153,10,4.857999999999997,3.6211429135012088,0.2853953706967452,19,3.7736842105263166,3.6215384615384614,1.0159788470984432,2.539999999999999,0.0,0.29338503113617675,call_0181ce113ebe,synthetic,train
0.018360355868935585,0.02785266563296318,0.16627477169212368,0.05296924212795995,0.10256008058786392,0.08165618032217026,1347.0915825974116,560.5792334033215,1005.9258464003763,267.5982303573387,2478.6888686970924,1036.4206732596879,18.508617555993453,-434.0706787109375,159.15342712402344,45.67317581176758,53.345703125,4.3490118980407715,22.902027130126953,1.482395052909851,13.343413352966309,-12.252291679382324,21.235763549804688,-2.478818655014038,11.758728981018066,-9.0223970413208,16.16893196105957,-1.634765863418579,9.097636222839355,-8.804372787475586,13.4447021484375,-0.8973623514175415,7.518793106079102,-5.577138423919678,10.302135467529297,-1.217057466506958,7.13109827041626,-4.0599565505981445,7.984560489654541,174.33825437283107,66.20730660983365,0.38571954361428046,20.102625664965167,10,7.530000000000003,7.244618692519295,0.4331569259088819,13,5.058461538461544,4.713846153846146,4.232390738217203,1.5999999999999996,0.00701794753796598,0.19558214450068967,call_03680846967f,synthetic,train
0.030368629842996597,0.07029391080141068,0.18351283359820253,0.05394892618765235,0.13840176165103912,0.07310300320386887,1579.2724239423753,507.1248825141956,1115.0584292553508,221.30765973240423,2896.8140344147305,883.3129509716355,17.62083005061418,-433.619873046875,145.49514770507812,20.76351547241211,42.4045524597168,6.464221477508545,17.004470825195312,8.101430892944336,18.17618751525879,-3.278654098510742,11.145086288452148,-0.2693122327327728,6.798859596252441,-4.1957902908325195,11.275285720825195,-0.7029732465744019,7.747329235076904,-0.8432876467704773,6.966334342956543,0.37320083379745483,4.387629985809326,-0.5324674844741821,4.949320316314697,0.23577511310577393,3.543344497680664,-1.581602692604065,5.5403547286987305,107.70871970930287,33.158393720933034,0.22490135905304692,11.088406355324949,16,1.7512500000000015,1.4165092437043947,0.19199671097711404,23,3.183478260869562,4.095652173913044,2.8678788193532974,2.0999999999999943,0.01562285870905838,0.3219131149787585,call_02c249d2f89d,synthetic,train
0.02288188226521015,0.054092101752758026,0.2025891684094809,0.038807531337520074,0.14670200645923615,0.06280311942100525,1714.9845860929759,308.74220785239885,1141.1754213248212,194.13466603744143,3104.3024050836552,579.2755945125672,17.599834761273485,-472.6441345214844,167.30429077148438,9.560800552368164,23.483402252197266,-6.651464939117432,24.656522750854492,-3.6387698650360107,13.64169692993164,-9.03841781616211,24.724641799926758,1.617985486984253,7.239529609680176,-4.142024993896484,13.78200626373291,2.175760269165039,5.580240249633789,-3.5424392223358154,11.65825080871582,0.6581830382347107,4.323171615600586,-2.6745498180389404,9.115480422973633,-0.6305001974105835,5.761661052703857,-0.9388818144798279,6.534937381744385,210.8432010899995,169.86978469580728,0.09995709995709996,52.04409820087526,10,2.4380000000000006,2.460933969045086,0.16349248927038632,23,3.1808695652173906,4.59684210526316,2.290807838736507,2.5,0.0,0.34589592274678116,call_01c3806808d6,synthetic,train
0.04736765846610069,0.09398488700389862,0.1914458749181937,0.04591514077602236,0.13002483546733856,0.07605282217264175,1587.6557193396602,435.42377729738547,1091.5312526385403,231.42267744993515,2915.093600021815,745.2767625925186,18.249772122142577,-367.677001953125,144.4178466796875,16.872535705566406,31.379135131835938,-5.294495582580566,20.1356201171875,-0.2546099126338959,8.2387113571167,-14.872733116149902,28.472118377685547,-2.4650559425354004,9.769339561462402,-6.790752410888672,14.744874000549316,-2.1307640075683594,6.523006439208984,-5.5837812423706055,11.310816764831543,-3.9771759510040283,8.715644836425781,-4.088333606719971,8.221597671508789,-3.793680191040039,7.832275390625,-2.2041516304016113,5.429699897766113,216.06438818910829,78.36474021361205,0.2822862129144852,16.851592337163403,11,3.305454545454546,2.5307575712220083,0.24792036001636444,14,4.615714285714286,4.752857142857143,2.2737835949656007,2.5,0.0,0.3114687031228691,call_02d28871d7b3,synthetic,train
0.03338201716542244,0.0594346821308136,0.10041301383033273,0.03688813301681375,0.016901865601539612,0.012803460471332073,699.3081288602001,211.19787644999928,700.0445941487696,115.6100006510578,1356.672316545123,410.42025882962804,19.177872571090013,-294.5093994140625,121.47515106201172,116.7558822631836,25.85950469970703,-12.197319984436035,13.690855026245117,15.242477416992188,11.596664428710938,4.154529094696045,25.700992584228516,4.608529567718506,7.67345666885376,-0.3807086944580078,17.977733612060547,-0.8371624946594238,6.932643890380859,-3.555715799331665,6.724424362182617,-0.1945793181657791,5.990457057952881,-3.2026803493499756,5.18649959564209,-3.5316648483276367,4.736805438995361,-3.8506953716278076,4.942824363708496,82.90415177835118,36.22499783188202,0.8299908842297175,9.013157253075853,12,1.9666666666666668,1.5033370288202919,0.1681151161134065,17,4.5435294117647045,3.7981818181818188,2.502572560683826,2.1599999999999966,0.010257871491665464,0.29192192620031354,call_064d8dd77899,synthetic,train
0.04960651323199272,0.08232420682907104,0.17701164928497332,0.04232095877152498,0.11528424918651581,0.07861081510782242,1513.0739452448604,459.7792455841857,1066.0772015827768,229.74022305441937,2807.2137114700654,790.5975848592753,18.813104551876254,-364.2650451660156,166.66766357421875,26.973445892333984,39.88056945800781,-4.424417018890381,21.231433868408203,-3.311844825744629,11.287507057189941,-17.69404411315918,29.983951568603516,-1.1924245357513428,8.822334289550781,-8.753710746765137,17.255199432373047,-1.793982982635498,6.89008092880249,-6.393572807312012,12.073871612548828,-1.2247439622879028,5.768688678741455,-4.814234256744385,9.531112670898438,-2.821227788925171,6.429035663604736,-4.03055477142334,7.6643452644348145,205.96229681017041,85.38269196741363,0.38322465915826914,18.62312298797497,10,7.3379999999999965,5.9258379998106605,0.3398795738767946,24,3.615833333333336,7.618333333333331,5.040148531761956,2.280000000000001,0.0030569708198239765,0.2612320518758684,call_01bf49059daf,synthetic,train
0.030701249837875366,0.07019147276878357,0.20510019706478605,0.058825417323173326,0.2910586893558502,0.1480558216571808,1375.2526922103873,386.97097717153224,1069.0732767748843,252.35954644745814,2706.2642878709453,798.087790517541,16.25518819081233,-448.8094482421875,160.96554565429688,28.49605941772461,43.72359085083008,1.1436353921890259,15.875099182128906,3.2121641635894775,9.466642379760742,-1.5286333560943604,8.025520324707031,-4.649577617645264,10.41154670715332,-6.579256057739258,11.843549728393555,-6.494966983795166,11.200309753417969,-2.5669119358062744,4.910947799682617,-3.188873529434204,5.727344989776611,-1.2866711616516113,3.5909247398376465,-0.5572671890258789,3.2510902881622314,-1.8365542888641357,4.259475231170654,97.83176249593777,31.91774717536311,0.756383712905452,14.75827147890868,10,3.283999999999998,1.8775899445832143,0.17707322333656844,32,3.7249999999999988,6.3552000000000035,6.539167604519711,0.7999999999999972,0.0017254394478593397,0.18192602178367334,call_04d682ac0cef,human,train
0.012360768392682076,0.026669494807720184,0.16536230297723292,0.10215842275071067,0.13470257818698883,0.15404357016086578,1212.1938187111407,598.6002016592874,933.060480600194,391.62527382117463,2293.1055713660244,1136.343931655467,19.03279349517437,-476.5920104980469,156.2992401123047,30.554824829101562,33.97364807128906,0.17286311089992523,33.053043365478516,8.213813781738281,16.614795684814453,-8.279813766479492,24.524906158447266,-4.568975448608398,11.938139915466309,-5.785658836364746,12.443100929260254,-3.338956356048584,10.144657135009766,-3.9805748462677,9.78174114227295,-0.9045395255088806,9.264030456542969,-3.54420804977417,8.5835542678833,-2.779219150543213,7.6455206871032715,-3.593897819519043,7.578991413116455,162.7697152509472,137.7872152639375,0.27714535901926446,22.050714507225372,28,1.7921428571428564,2.0757328432952766,0.3433693718352263,18,4.937777777777779,2.761176470588236,2.9798260556279628,0.5,0.11974818667031598,0.1681948816203639,call_0615c3630150,human,train
0.029095295816659927,0.05953337252140045,0.1881349821577051,0.04061742292537146,0.13439100980758667,0.07654231786727905,1614.0946060212143,395.6744009449996,1110.6028269474718,208.05965019598088,2965.1815410199556,677.6445579592103,18.208141618205996,-414.757080078125,157.9737091064453,15.23702335357666,27.674318313598633,-3.9062681198120117,19.227054595947266,0.9795078039169312,8.659710884094238,-13.676506996154785,28.99360466003418,-3.3089072704315186,10.517616271972656,-6.892820835113525,15.500155448913574,1.1476950645446777,5.886617183685303,-4.583155155181885,10.997336387634277,-0.4161878228187561,5.9570393562316895,-4.282314300537109,9.770198822021484,-2.1824419498443604,6.345545291900635,-2.7990946769714355,7.0852131843566895,194.95645291620318,69.66182990878312,0.2522172949002217,16.170285813454537,12,2.236666666666666,2.4515278682668242,0.23258232235701895,13,4.140000000000004,4.087692307692305,2.717119951051549,1.6599999999999966,0.0,0.3010398613518195,call_0847d7417bb1,synthetic,val
0.029050026088953018,0.03988642990589142,0.1955493633563702,0.05835300533943565,0.11142977327108383,0.08362650871276855,1486.3206257939205,458.8640631272592,1044.5688266098118,238.26090611740088,2731.499774639423,808.3282640259666,19.56079351591412,-422.4602355957031,202.67601013183594,28.686264038085938,37.85969924926758,-9.520978927612305,26.664289474487305,6.994980812072754,15.913137435913086,-16.07136344909668,26.805400848388672,-3.4286811351776123,11.155868530273438,-12.667759895324707,20.51938819885254,-2.323279619216919,10.859603881835938,-7.990848541259766,13.590481758117676,-2.0812759399414062,7.942929267883301,-3.623626708984375,9.068963050842285,-2.816681385040283,8.000234603881836,-3.7395436763763428,8.084234237670898,191.64600437179487,84.24967890031981,0.3870192307692308,15.20971813089352,12,4.300000000000001,6.129388223958408,0.3876784372652142,16,3.671250000000002,3.371999999999998,2.96479611440652,1.4400000000000048,0.03741547708489879,0.20841472577009768,call_06b5a78ea12e,synthetic,train
0.01175650767982006,0.02753935009241104,0.15578768622388414,0.10076191378747054,0.1208285242319107,0.14295418560504913,1228.4031115027014,565.2097228283205,961.15472254797,372.54512967239907,2345.7439310303894,1088.9085139094564,18.7866832686733,-488.61572265625,153.3535919189453,30.983915328979492,34.108543395996094,-2.018768548965454,33.539527893066406,6.153735637664795,18.804996490478516,-6.405694484710693,22.28839683532715,-4.58370304107666,12.873915672302246,-5.2942280769348145,13.4779634475708,-2.663991689682007,10.153250694274902,-3.847689628601074,9.768189430236816,-0.3705926835536957,8.42481517791748,-4.032700061798096,8.800867080688477,-2.3917009830474854,7.492934226989746,-3.3303191661834717,7.745256423950195,131.23221246591865,59.0545492463942,0.11918328584995251,18.006032141802482,27,1.6548148148148156,1.9012556676719188,0.3315523894330664,25,3.5256,4.66833333333333,5.5574811940502515,0.10000000000000142,0.14366280795488276,0.1580587711487086,call_092aef8d1243,human,train
0.02435547485947609,0.03255598247051239,0.19275906866230566,0.05840266725952457,0.11763929575681686,0.09642478078603745,1475.0644439637708,458.793345645772,1048.6601475856219,224.5248023166858,2714.3312120781193,809.5747771463953,19.4145128466997,-434.07659912109375,199.4220428466797,31.160219192504883,38.092411041259766,-8.45445728302002,23.524457931518555,7.582841396331787,16.44037437438965,-14.24062442779541,24.2313289642334,-2.8266103267669678,9.726003646850586,-13.41172981262207,20.662256240844727,-2.2704055309295654,9.592338562011719,-8.502723693847656,13.80850601196289,-2.5207085609436035,7.822250843048096,-3.8548896312713623,8.86876392364502,-2.4145138263702393,7.4300713539123535,-3.187218189239502,7.571645259857178,180.48441350942775,42.88218064431928,0.4072810011376564,11.77861445402993,27,2.3488888888888884,1.3631807394454578,0.37579995259540167,19,3.20421052631579,5.3336842105263145,4.572379560758867,0.7600000000000051,0.012680730030812992,0.27613178478312406,call_05d6615469e1,synthetic,train
0.04636984318494797,0.0822639912366867,0.1759519173895899,0.06731398128030215,0.12489467859268188,0.08652134984731674,1459.2998566125598,582.7515200406078,1063.5039231984874,262.300276312749,2692.921924290221,1019.5791858424138,18.3932251520855,-412.1316223144531,173.41104125976562,29.84295082092285,48.254173278808594,9.331770896911621,19.01555061340332,10.780059814453125,20.352041244506836,-5.300904273986816,13.37476634979248,-0.42328882217407227,8.616214752197266,-6.425473213195801,14.022299766540527,-2.0401558876037598,8.704419136047363,-1.6220617294311523,7.9495649337768555,-0.12467680126428604,5.364632606506348,-0.7402089834213257,5.905433177947998,-0.24823148548603058,4.735249042510986,-2.5540413856506348,6.6722493171691895,106.7452511833516,25.48352198805349,0.36529968454258677,8.955792238539267,12,2.3699999999999988,2.334544923534351,0.28047337278106493,14,2.9899999999999998,3.7783333333333338,2.2407656181661557,2.1599999999999966,0.007495069033530482,0.3142011834319528,call_099dffdf8486,synthetic,train
0.010031244717538357,0.02251897007226944,0.12788205030487804,0.09637679076837269,0.12947788834571838,0.14281536638736725,997.9784766638936,688.6031146720784,791.4131524298004,509.89199452131095,1960.1383617471379,1343.020137979328,21.49528543213882,-491.3145446777344,148.0988006591797,27.29987907409668,31.63491439819336,4.624239444732666,18.07329750061035,4.535367012023926,12.4056396484375,-5.287161350250244,14.927997589111328,-5.083864688873291,11.223244667053223,-5.9143757820129395,11.386422157287598,-4.644445419311523,9.482948303222656,-2.866738796234131,7.091002464294434,-1.2507330179214478,5.792205333709717,-1.798535704612732,5.864636421203613,-0.8349007368087769,4.79430627822876,-2.709545373916626,7.098455905914307,120.18208518644725,53.5727863621867,0.3081134892981583,16.502500005308633,17,1.828235294117647,2.234531758541551,0.2418300653594771,19,3.66,5.91888888888889,5.998231117855486,0.1599999999999966,0.03532524120759417,0.25241207594148773,call_0ab7d2a0c0f5,human,train
0.010353614576160908,0.02472756989300251,0.07944285250865052,0.0954799653347884,0.07608310133218765,0.13994106650352478,698.5376941690024,712.925483921929,589.617593340813,563.7234176318773,1415.04340706871,1438.6628677674366,25.11892260707759,-518.4610595703125,137.8872528076172,18.64284896850586,27.151588439941406,6.297211647033691,16.988889694213867,-0.7901505827903748,11.077235221862793,-8.223909378051758,23.371078491210938,-0.9518439173698425,8.377134323120117,-3.7908148765563965,11.379927635192871,0.062006138265132904,6.753001689910889,-2.707979917526245,9.11248779296875,-0.0956331193447113,5.207195281982422,-1.3002889156341553,6.244628429412842,-0.743066668510437,5.1805925369262695,-0.8691794872283936,5.349542140960693,179.90688868980962,82.90191361439177,0.2792881858625803,15.119384991116958,12,1.9966666666666673,1.4721375237690562,0.18510506798516693,27,2.9407407407407398,6.625384615384613,6.69685013832234,0.3799999999999999,0.02209517923362179,0.22357849196538948,call_0e1e2f29bfdc,human,val
0.017565211281180382,0.041218481957912445,0.06718387460350093,0.08907459118253491,0.045674897730350494,0.09247858822345734,695.3883189839034,712.2547128720079,625.8465304211541,553.1462301708993,1393.9163093280076,1418.4207931253782,22.56170053735037,-482.36358642578125,135.19320678710938,20.8448486328125,39.382301330566406,7.047743320465088,16.8500919342041,4.549354076385498,10.167509078979492,-2.109999418258667,12.741851806640625,-1.4033331871032715,8.809553146362305,-1.9027254581451416,9.607001304626465,-0.7051173448562622,6.086207389831543,-2.4244792461395264,8.073780059814453,0.48685169219970703,4.612741470336914,-2.4318811893463135,7.560709476470947,-1.4998960494995117,6.109107494354248,-0.48827195167541504,4.61295223236084,134.54590994566664,30.68883701345499,0.18280075187969924,8.685487855565837,16,1.5625000000000018,1.2742031823849764,0.1836075205640425,19,4.081052631578948,3.248888888888887,3.2276460099323314,0.0,0.026880141010575925,0.27379553466509965,call_10aa0d1d33f0,human,val
0.051434293389320374,0.09619844704866409,0.2055070349686283,0.03754063698809835,0.1367868036031723,0.06684571504592896,1695.9651477528882,295.59117935765624,1143.1111733076064,160.09299456439214,3086.5629056685416,520.8679174384553,17.927943836299974,-384.7486877441406,188.17031860351562,9.44410514831543,22.88253402709961,-4.102030277252197,20.04042625427246,-0.524818480014801,10.355517387390137,-12.796842575073242,27.023685455322266,-0.9059139490127563,8.052063941955566,-9.450353622436523,19.685413360595703,1.4390085935592651,6.154860496520996,-7.227694988250732,15.171896934509277,0.5998848080635071,5.089620113372803,-4.506235122680664,9.73951530456543,-1.1157279014587402,5.561613082885742,-3.064492702484131,7.806999683380127,214.4167191391155,87.39115850917354,0.2678494158372999,18.77114036798902,9,3.871111111111114,1.9738763016767273,0.2355645706558487,17,3.9694117647058826,8.048235294117644,7.443493989261093,2.539999999999992,0.004732927653820168,0.3129141311697091,call_098d8081babe,synthetic,train
0.015785198658704758,0.03896798565983772,0.4841703742336512,0.1441313512467534,0.2886112332344055,0.12130236625671387,1980.0549238171109,450.0849134752224,1233.743180791156,158.00082665602315,3388.5473433242505,635.8229223476042,16.868980164877467,-489.1343994140625,156.9331512451172,8.815840721130371,27.823442459106445,8.068277359008789,14.466643333435059,0.7615010738372803,13.602618217468262,1.4082809686660767,13.144689559936523,-4.787726879119873,9.012279510498047,-0.37060555815696716,13.059379577636719,-1.575796365737915,5.239099979400635,0.32180774211883545,8.28033447265625,-0.1041838675737381,3.9639992713928223,1.8312495946884155,3.696650981903076,-0.3929425776004791,3.2847628593444824,0.8492077589035034,3.6620028018951416,1537.802318874295,760.3138431456306,0.5613079019073569,46.100343780315676,7,2.760000000000003,1.2291227998629148,0.16459362753450352,20,3.56,7.1094117647058805,7.562240930390497,1.2000000000000028,0.0,0.22882944283523565,call_0a9c546208d1,human,train
0.026681886985898018,0.04210356995463371,0.1805888062751509,0.04585016716481588,0.12089592963457108,0.08372877538204193,1524.4320698398067,442.2652858521252,1073.4049281033024,225.86352036278757,2823.0586644869213,767.3580853451078,18.893422027204718,-429.40533447265625,178.8486328125,23.7686767578125,34.23765182495117,-4.471192836761475,23.430850982666016,-0.48019641637802124,10.536839485168457,-16.75006103515625,29.063369750976562,-3.8695714473724365,9.804357528686523,-11.770065307617188,20.077177047729492,0.48091429471969604,5.793976306915283,-7.171306610107422,13.364112854003906,0.15559683740139008,5.147198677062988,-4.761594772338867,9.275519371032715,-4.281910419464111,8.461491584777832,-4.087229251861572,8.158246040344238,221.58166213513562,70.35212087202069,0.35372233400402414,15.64224648519867,17,3.0305882352941182,1.9485272586003648,0.3240251572327045,19,3.46842105263158,6.14736842105263,4.440579433629264,1.8999999999999986,0.011698113207547232,0.2732075471698112,call_0cf2f4a71328,synthetic,val
0.01989981159567833,0.04379932954907417,0.18254971590909091,0.11289065749848634,0.1885802447795868,0.17297272384166718,1266.9673639759249,607.0391371048006,980.0158477630091,414.49564772769367,2470.0750811688313,1147.1674700756867,18.56129767276702,-447.97357177734375,157.3719024658203,17.098735809326172,30.65959930419922,2.1295583248138428,15.507265090942383,7.207403659820557,17.500619888305664,-4.174226760864258,14.405308723449707,-4.295063018798828,11.964479446411133,-3.7146973609924316,10.79430103302002,-4.322963714599609,10.6641206741333,-2.150045156478882,6.631169319152832,-2.813093662261963,7.627019882202148,-1.5728354454040527,5.29258394241333,-1.5736438035964966,5.434179306030273,-1.886998176574707,5.770785808563232,107.42499188485199,37.90454569583859,0.3994805194805195,12.529890693442079,13,2.0138461538461545,1.8430139966142343,0.21256901591425792,17,4.083529411764705,4.163076923076924,4.317847370757767,1.019999999999996,0.018512504059759745,0.24228645664176696,call_11d3230256a1,human,train
0.04508481174707413,0.08250749111175537,0.19167156064800375,0.12849884924888427,0.15374301373958588,0.16573132574558258,1251.3117877713826,629.575815417688,912.6095625477133,416.4815007733092,2325.449352776045,1181.4489135677097,19.31479083748815,-394.21630859375,186.47413635253906,20.50322723388672,33.833675384521484,-8.377098083496094,28.049001693725586,-4.2777934074401855,18.17093849182129,-4.867098331451416,15.801934242248535,-4.874357223510742,11.853668212890625,-4.517200946807861,12.231077194213867,-2.9884097576141357,8.595688819885254,-4.492852210998535,10.257165908813477,0.8311624526977539,5.710232257843018,-4.882688045501709,9.07310962677002,-1.3154805898666382,6.115781307220459,-3.233686923980713,7.337853908538818,377.7622687251791,587.1313729709066,0.3930131004366812,32.371031166975,15,2.0946666666666673,2.173015927742413,0.3064170079968794,14,3.441428571428574,2.0085714285714276,2.248310022924701,0.03999999999999915,0.034133021259996094,0.25785059488979867,call_16581bcbc272,human,train
0.02813982032239437,0.033160436898469925,0.1450123856707317,0.06885754748832461,0.03438066318631172,0.04683735594153404,912.9847531694996,348.63847562821815,841.6207020270186,214.41096328546672,1746.5987042682927,792.3482133976964,20.406405388724313,-300.7608947753906,92.7027816772461,95.0475082397461,36.7431526184082,-3.325831651687622,34.83061218261719,-3.535956621170044,22.156606674194336,-1.9240391254425049,23.280235290527344,-10.827370643615723,15.944059371948242,-8.674839973449707,16.042505264282227,-12.342620849609375,13.518255233764648,-17.817598342895508,9.759628295898438,-10.030497550964355,10.039114952087402,-15.054824829101562,8.412612915039062,-9.011968612670898,8.670135498046875,-10.625402450561523,7.78765344619751,210.3372821762328,87.4213718658327,0.4878048780487805,29.44696211164803,45,1.595555555555555,1.6201612478811496,0.5474229948154923,22,3.2400000000000015,2.5095238095238095,2.978766884835906,0.14000000000000057,0.2563281488258615,0.16544678255565737,call_1612f093f8b5,human,train
0.014912395738065243,0.026175638660788536,0.1744697125305717,0.04913726732851097,0.11592085659503937,0.07912581413984299,1444.4703873053145,523.4467979125405,1055.5251104052745,240.57193576747645,2677.9403756496486,931.7124421287053,18.04341166168719,-468.30426025390625,161.7782440185547,37.53792190551758,48.472984313964844,4.262948989868164,21.895368576049805,2.3627090454101562,11.962729454040527,-10.105830192565918,20.32390594482422,-1.2236586809158325,10.139409065246582,-7.267438888549805,15.264451026916504,-0.8555284142494202,8.209171295166016,-7.228233337402344,13.326934814453125,-0.17437264323234558,7.193589687347412,-4.494823455810547,9.978060722351074,-0.6135754585266113,6.350527763366699,-3.244117259979248,8.224438667297363,183.32168107125014,73.22752411952041,0.2953225313359829,20.990515648529264,15,5.0453333333333354,3.9850752676566694,0.361517149135378,28,3.365714285714285,5.465599999999996,4.492911821970244,0.6200000000000045,0.015668290818763773,0.20397439571988152,call_0e101713ee94,synthetic,train
0.04883035644888878,0.09500294178724289,0.1796497313194169,0.049314347499148946,0.13343456387519836,0.07003210484981537,1595.0527003966024,442.5928508901322,1123.6519099261031,190.0539500654323,2957.026601547005,713.9484934227872,18.156934933011833,-383.238037109375,174.84552001953125,18.737123489379883,35.290592193603516,0.9522636532783508,14.870162963867188,6.261979103088379,14.627845764160156,-7.749532222747803,16.91600227355957,-0.233891099691391,6.693735122680664,-5.088746547698975,12.021632194519043,1.3376787900924683,8.135876655578613,-2.213442325592041,7.522768974304199,0.4516455829143524,5.3465752601623535,-1.2906745672225952,5.926689624786377,-2.1458511352539062,6.4788384437561035,-3.1685266494750977,7.9033522605896,120.84338790603623,26.48438404990362,0.2574375247917493,10.169867242204514,9,4.155555555555553,2.7007287539605227,0.23186608803471775,18,4.277777777777779,5.438461538461538,2.680498937924247,2.719999999999999,0.0013639181649100982,0.29212647241165535,call_10ceaf16fbbf,synthetic,train
0.02194986119866371,0.033735211938619614,0.15535805766978922,0.1038713865211884,0.07041718810796738,0.09040479362010956,1088.5611280610788,520.532425008333,896.6064552966156,326.7128204465748,2051.880549863388,1003.8115965285874,19.394912605405533,-398.5841979980469,145.1778106689453,58.3895378112793,42.10459899902344,-0.08286620676517487,29.28450584411621,-15.48379898071289,22.7855224609375,-11.8748779296875,20.166650772094727,-11.612553596496582,14.288087844848633,-9.124152183532715,12.88369369506836,-4.832035064697266,10.049527168273926,-11.228612899780273,11.133402824401855,-3.155268430709839,8.117473602294922,-6.444301605224609,8.765480995178223,-5.823383331298828,8.09356689453125,-6.119743824005127,7.929840087890625,228.77587944282683,100.7064489801051,0.37197501951600315,22.398823173277105,36,3.122777777777778,6.891083051109161,0.6857386848847139,17,4.924705882352938,5.534666666666669,5.596353415891062,0.5600000000000023,0.25070147614981064,0.054288154202757344,call_1761edbd6952,human,train
0.05966155603528023,0.08905661106109619,0.18730293938161108,0.04876809351696187,0.12102481722831726,0.08067517727613449,1524.0005757717502,460.1193294878188,1089.1526286673254,213.21878772031164,2829.3025961147273,779.5570184885786,18.670046365597877,-355.7566223144531,206.27484130859375,26.495107650756836,39.83443069458008,1.9195832014083862,22.19561004638672,10.328389167785645,21.405601501464844,-11.48021125793457,22.463594436645508,1.9019296169281006,9.877317428588867,-9.056937217712402,16.74639129638672,0.9366638660430908,8.004070281982422,-4.35764217376709,9.785011291503906,0.08748247474431992,7.826499938964844,-2.1924166679382324,8.164865493774414,-2.152419090270996,7.190123558044434,-3.914336681365967,8.216899871826172,119.01682374808543,26.228576846194862,0.3083807973962571,10.763583675657722,16,3.295,3.4310967634271123,0.3351983723296032,24,3.0116666666666663,2.6552941176470606,1.7668520283162916,0.2600000000000051,0.02225330620549334,0.22749237029501546,call_120d6007bcc1,synthetic,val
0.026864515617489815,0.045286186039447784,0.09043970899290393,0.023571373097530893,0.013698146678507328,0.00835362821817398,656.6060052963285,160.35050462102896,690.553138994452,111.61451658698422,1297.7278930131004,343.5179040196958,18.93523357671089,-291.27764892578125,91.29629516601562,116.9917984008789,21.86174201965332,-5.934711933135986,13.315019607543945,14.766829490661621,11.593245506286621,9.84980583190918,19.334766387939453,3.602107524871826,7.718330383300781,1.9169343709945679,14.346360206604004,-0.6628679633140564,6.945139408111572,-4.773509502410889,8.227165222167969,0.12158999592065811,5.6756205558776855,-3.9841935634613037,5.803149700164795,-2.462639570236206,4.8805060386657715,-3.4270317554473877,5.264557361602783,88.0322098387816,25.8658048308654,0.9656113537117904,9.318829153676592,11,1.4999999999999993,1.3664818795991147,0.140760962293124,20,3.35,4.52375,2.8271117660078446,1.7600000000000016,0.016038218734004458,0.30370243985667966,call_186e9d6ee732,synthetic,train
0.025313884019851685,0.05592583119869232,0.18997277382356245,0.042881990061984794,0.13765321671962738,0.07080747187137604,1634.1515991314552,388.6523746556655,1125.0747311934606,193.08438771801335,3005.2188623090747,651.847631092361,18.00550105696165,-431.4249267578125,147.188232421875,13.833843231201172,27.11812400817871,-1.8228073120117188,18.261253356933594,0.8364773988723755,7.780387878417969,-11.813441276550293,26.96872901916504,-2.4892899990081787,9.023326873779297,-6.742624282836914,16.209976196289062,0.21898239850997925,5.412700653076172,-4.232971668243408,10.690203666687012,-0.37463101744651794,5.362161636352539,-3.579010248184204,9.044228553771973,-2.737856149673462,7.289340972900391,-2.5762224197387695,7.067142486572266,208.3204973646901,67.13699755492348,0.22731356693620844,17.713611589491574,16,1.8862500000000009,1.603585338390197,0.21190843982586727,18,3.9466666666666654,4.944444444444447,3.8627310750328885,0.0,0.010532228619575952,0.29981744137059396,call_181a5049ecae,synthetic,val
0.025754395872354507,0.05681367963552475,0.17106597366008044,0.11003579111343524,0.17532648146152496,0.17737405002117157,1204.7201688845585,636.0818423593203,910.5397747928978,445.35942864623956,2309.4348970657834,1227.898614492271,19.703697041308583,-444.70166015625,169.18853759765625,18.593814849853516,29.636415481567383,-4.807342529296875,25.5919132232666,1.4138115644454956,9.921110153198242,-5.936453819274902,16.84939193725586,-2.645019292831421,8.276138305664062,-4.578323841094971,11.475691795349121,-1.8434385061264038,6.208616256713867,-3.3995540142059326,8.077857971191406,0.011833136901259422,4.500840663909912,-1.8430230617523193,6.013679504394531,-1.2605500221252441,5.058093070983887,-1.5362519025802612,5.279955863952637,150.2546691185889,143.1184766106971,0.42214860388073827,17.01939919411272,18,1.6788888888888884,1.6397760310782594,0.22352071005917157,23,3.4173913043478263,3.7647619047619028,4.073168439162178,0.6000000000000014,0.032396449704142044,0.22751479289940835,call_185e958a253b,human,val
0.03657837584614754,0.07219191640615463,0.16694888801039579,0.1094042857596076,0.15826824307441711,0.16151395440101624,1163.949145696823,633.0278599039963,898.2824622648881,443.33935127016224,2219.9300945641285,1247.2797795623371,19.338438725701618,-414.3416748046875,175.71739196777344,23.809846878051758,42.38794708251953,-6.35796594619751,20.492374420166016,-3.8054072856903076,17.145498275756836,-5.549783706665039,14.50644588470459,-4.266829967498779,12.41507625579834,-6.175520420074463,13.295372009277344,-4.840516567230225,10.575112342834473,-2.5033164024353027,7.265171527862549,0.1386130154132843,4.958878993988037,0.10411179065704346,4.409681797027588,-0.5118721127510071,3.9886441230773926,-1.1059081554412842,4.622161388397217,127.08022823571922,87.21420088280702,0.3527054108216433,20.574752437299672,11,2.825454545454547,2.469686633181566,0.24342105263157907,21,3.3666666666666667,4.247000000000001,4.144901808245885,0.8399999999999892,0.014567669172932403,0.21741854636591484,call_198ef413fe4a,human,val
0.025158783420920372,0.046106766909360886,0.19430180435769406,0.040638371703434595,0.1367368996143341,0.07139784842729568,1608.0779115885605,400.99614877509964,1105.5879462611315,208.68750853540465,2934.042357013164,717.6509530628648,17.903278687384546,-458.7482604980469,208.83897399902344,22.4890079498291,35.68246841430664,-3.7412850856781006,17.980741500854492,4.916806221008301,16.32502555847168,-11.12522029876709,24.542213439941406,0.1279056966304779,7.583202838897705,-7.408524990081787,16.795196533203125,0.8215813040733337,7.284701824188232,-2.925126552581787,9.094069480895996,0.17350271344184875,6.052972793579102,-0.9552985429763794,6.132943153381348,-1.0861903429031372,5.94411039352417,-1.6192796230316162,6.444316864013672,115.4145620708757,36.576472475054615,0.12256014525646845,13.17364216855026,12,2.948333333333333,2.0540927978604633,0.2509931895573212,16,4.566249999999998,5.488749999999999,4.674210996253807,1.96,0.014046538024971574,0.244750283768445,call_18bd3c505fd5,synthetic,train
0.0089492192491889,0.01876942068338394,0.1796279426250571,0.04796247801846571,0.1309373378753662,0.07201032340526581,1540.2706244656868,509.24317020399513,1085.5351473095593,245.06144267094092,2814.412973960713,916.5913732650845,17.527904486184816,-506.3596496582031,142.82679748535156,28.87955093383789,46.22283172607422,2.191159248352051,16.291521072387695,1.5166738033294678,10.261035919189453,-6.928208351135254,17.88030242919922,-0.8719453811645508,9.039576530456543,-3.7656142711639404,12.01654052734375,-0.21652619540691376,6.134629249572754,-5.0023322105407715,12.406719207763672,0.0037531531415879726,5.780914783477783,-3.4258978366851807,9.804969787597656,-0.0816735178232193,5.420394420623779,-2.00248122215271,7.148987770080566,152.12562353178194,69.95813214979947,0.21425308359981726,20.650401383071603,9,3.8400000000000003,3.0120941404795287,0.24671616219303255,12,5.87,5.0233333333333325,5.117928183248463,2.259999999999998,0.0,0.2504283266704742,call_1a2f3635b411,synthetic,train
0.05766650661826134,0.07245904952287674,0.1622227915203365,0.0412493122632483,0.024884458631277084,0.016862083226442337,965.4860423075876,174.63505132189124,777.3862788161854,124.1687877561091,1838.188602580856,394.378074167576,21.816276265777045,-212.0597381591797,95.14373016357422,80.76632690429688,19.50217056274414,-24.966205596923828,24.974925994873047,6.568386077880859,15.61083698272705,-41.0122184753418,18.22212028503418,-14.851578712463379,12.984257698059082,-21.60183334350586,14.36997127532959,0.19317927956581116,11.387890815734863,-14.420233726501465,11.951638221740723,-4.727043628692627,8.740395545959473,-11.241016387939453,9.260114669799805,-9.066549301147461,8.207950592041016,-12.434008598327637,7.5180277824401855,204.22583917176414,52.95288255941014,0.34563868016987914,15.36363989890051,40,1.7520000000000002,2.090343512440001,0.35784313725490197,18,4.566666666666669,2.6344444444444415,1.7865771812858646,0.12000000000000455,0.03574346405228753,0.25816993464052274,call_189410107163,synthetic,train
0.012934282422065735,0.02151433192193508,0.1715208133249606,0.050688279859588486,0.11699613183736801,0.07831697165966034,1434.3900277126413,555.7741207464708,1038.6516025598992,264.25674823133835,2616.8104191292355,1022.2396960922629,17.92600812344097,-483.5606384277344,166.91055297851562,40.335575103759766,52.70206069946289,3.418915033340454,18.75131607055664,2.8569629192352295,11.368742942810059,-9.332635879516602,18.503984451293945,-2.227727174758911,11.004743576049805,-6.245855808258057,14.024003028869629,-0.4977641999721527,7.838095664978027,-7.180936336517334,13.497722625732422,-0.025396203622221947,6.585832595825195,-4.768517971038818,10.136512756347656,-0.04119784012436867,6.454038619995117,-2.551809072494507,7.45262336730957,156.09499379904352,67.69049486556597,0.2773837667454689,17.074076019000405,8,6.907500000000003,5.194987367645854,0.34027093596059127,23,3.050434782608693,7.3913043478260905,6.15455950060627,1.9400000000000004,0.0008620689655172448,0.22857142857142887,call_1ba56b3cce45,synthetic,train
0.04862567409873009,0.052720386534929276,0.17101784832856753,0.040886994279048114,0.030282966792583466,0.01625322923064232,978.3944373266031,194.38189226146886,777.6310331381677,125.66295209176086,1827.98245166122,383.63792321809365,21.173003587756163,-191.6357879638672,104.95528411865234,85.86536407470703,21.93775749206543,-28.214746475219727,23.95243263244629,17.789905548095703,16.624731063842773,-40.25736618041992,15.633167266845703,-12.053825378417969,12.19655704498291,-23.78803825378418,12.91103458404541,3.5540177822113037,11.856856346130371,-13.544761657714844,10.493261337280273,-1.9367504119873047,9.14677619934082,-9.771113395690918,8.718570709228516,-6.653066158294678,8.230938911437988,-12.59022331237793,7.983390808105469,156.98315197263278,80.21653594223046,0.08877995642701525,26.596670130046363,25,1.320800000000001,1.550818932048483,0.2811169759918272,8,2.3625000000000007,2.37142857142857,1.7619099099023896,0.5199999999999996,0.03286225097905663,0.5908394347011745,call_1cc930924760,synthetic,train
0.0793038159608841,0.10443418473005295,0.20419209542310457,0.04316956569415969,0.11381139606237411,0.08132445812225342,1565.7164708529065,371.67003453166893,1050.9251882276283,236.11719591993818,2827.830241645706,717.4578447842132,18.959863938193546,-327.45745849609375,226.2892303466797,21.41368293762207,30.961809158325195,-17.751352310180664,34.84099578857422,-8.670061111450195,15.925338745117188,-23.384185791015625,33.639739990234375,0.992921769618988,10.50480842590332,-11.689226150512695,18.616565704345703,3.245854377746582,8.669114112854004,-9.406314849853516,14.860270500183105,-0.42151352763175964,6.774965286254883,-7.44765567779541,11.683586120605469,-2.369555711746216,6.813251495361328,-4.669773101806641,8.875021934509277,215.31569217108168,129.0606603779865,0.13654329859863457,34.31108973238732,15,4.681333333333334,4.242492768277733,0.39436145119622606,20,3.538999999999999,2.988235294117647,1.7801395691948274,0.040000000000020464,0.015275749747276352,0.22340784005391456,call_1ad99899456c,synthetic,train
0.015690479427576065,0.03380753472447395,0.3486082150353513,0.11496081870166545,0.2745217978954315,0.16796761751174927,1671.0880640566295,455.2904220852483,995.3814506081527,120.6359969944034,2884.070854507291,609.4219146260688,16.845973759874425,-410.62152099609375,118.91607666015625,6.513261795043945,42.618770599365234,-19.53982162475586,27.159164428710938,-5.377023220062256,21.347591400146484,-17.712743759155273,15.216559410095215,-1.9361395835876465,13.904993057250977,-2.126121997833252,13.982362747192383,-2.4298455715179443,12.30002498626709,-5.177698612213135,8.503626823425293,-3.3063321113586426,6.686086654663086,-4.77419376373291,6.3684000968933105,-0.6873100399971008,6.4530134201049805,-3.2387051582336426,7.752204418182373,394.4458939588069,383.8889802814853,0.22801590808661068,35.58826437896681,26,1.2353846153846173,1.1529001249999284,0.22185384721646673,27,3.130370370370371,3.264444444444444,3.325236091126221,0.09999999999999432,0.048901782014090484,0.24326564442602538,call_1c1c0cce9fb5,human,val
0.0253798458725214,0.04842023551464081,0.4415999972512705,0.1705503502540521,0.258025586605072,0.1440112441778183,1845.488631619766,566.5536892251346,1192.06993325217,197.8294772348552,3181.805548768569,865.703859957275,17.64322480941224,-452.75091552734375,177.20220947265625,19.26927375793457,40.1849365234375,8.904655456542969,18.22028160095215,-0.5172520875930786,15.579110145568848,1.6709781885147095,12.262544631958008,-5.893365859985352,11.205703735351562,-5.101301193237305,16.57971954345703,-2.588761806488037,7.3842902183532715,-2.623471736907959,10.70331859588623,0.21670305728912354,5.503320217132568,0.959725558757782,4.809070587158203,-0.3144434094429016,4.315576553344727,-0.503490686416626,5.164591312408447,1088.516818266543,907.1139484261696,0.45660672400312746,46.08896152587889,12,3.4116666666666653,1.7032999018245636,0.2500916310323762,22,3.9136363636363645,6.812380952380954,7.0806630741167895,0.700000000000017,0.0,0.22394624312767253,call_1bf0aa4d4324,human,train
0.01971293054521084,0.03598162904381752,0.17410296771085249,0.048219744348115434,0.11855524778366089,0.0773223266005516,1508.0136992750822,499.2862813346513,1074.7892314361006,247.98954804717553,2792.5530909915356,886.6421489513884,18.68355982782149,-445.0715637207031,148.51986694335938,27.943485260009766,43.34025192260742,2.8690788745880127,23.94436264038086,-0.3913768231868744,13.178913116455078,-11.20709228515625,24.843870162963867,-2.113348960876465,9.650246620178223,-5.63270378112793,14.856011390686035,0.4081355631351471,6.787169456481934,-4.972707748413086,11.372581481933594,-0.0799465924501419,6.464388370513916,-3.7621970176696777,9.81109619140625,-0.7744894027709961,6.505444049835205,-2.860222339630127,8.014522552490234,156.75645307778123,52.90206716932355,0.3597339782345828,15.505685120766564,10,3.094000000000001,2.509853382171953,0.2923832923832925,13,3.9846153846153856,2.6738461538461533,1.3547951219594818,1.5799999999999983,0.02702702702702709,0.24513324513324486,call_1ee2936b46a7,synthetic,train
0.01187626551836729,0.026194119825959206,0.11243959447471012,0.11052526564942665,0.10134758055210114,0.14634375274181366,794.2223663130095,716.7601872612163,628.5733569837039,550.7873079272312,1551.7246226509396,1418.227969913792,22.881958899565994,-502.90338134765625,154.98252868652344,24.434654235839844,30.424570083618164,1.6976096630096436,24.067794799804688,0.868321418762207,12.537035942077637,-5.78010892868042,20.71739387512207,-2.092923879623413,9.681784629821777,-4.468654155731201,11.751618385314941,-1.3284435272216797,6.424356460571289,-3.2785089015960693,8.584338188171387,-0.33606696128845215,5.238536834716797,-1.9847469329833984,6.342714309692383,-1.2389017343521118,5.307566165924072,-2.851306915283203,7.2190351486206055,155.15014718227434,79.63821962689555,0.3494602159136345,15.668759264582496,18,2.1155555555555563,2.1863674140308165,0.23797025371828529,17,5.143529411764704,3.3117647058823545,3.4455499608730067,0.37999999999999545,0.019997500312460992,0.23559555055618064,call_22eacbc23d18,human,train
0.012406774796545506,0.020207392051815987,0.29472000838926177,0.09008025819503442,0.31344565749168396,0.19849130511283875,1505.2999047631638,351.5310746216608,1061.1796226260687,171.18261565569992,2809.415198545861,651.7494500835579,16.179931973455975,-432.28350830078125,155.3804168701172,36.95173645019531,29.19761848449707,-3.804286479949951,21.345937728881836,1.3770756721496582,14.09432315826416,-15.009214401245117,21.896961212158203,-5.959314823150635,10.222612380981445,-16.96698760986328,17.9520206451416,-6.026015281677246,8.024884223937988,-9.804630279541016,12.027403831481934,-2.525667667388916,7.407791614532471,-4.616157531738281,5.900839328765869,-2.5912957191467285,5.991632461547852,-3.0219802856445312,5.177915573120117,104.40120650639547,40.667464205197504,0.41879194630872485,19.863559581724687,19,2.402105263157896,2.0424020402905048,0.3192054832843756,18,3.8633333333333346,1.9888888888888863,1.8810070851331167,0.5,0.021541474332074553,0.21597426213456405,call_224586045e67,human,train
0.03993671387434006,0.09718579053878784,0.18964120370370371,0.04780390265522319,0.14323343336582184,0.06929602473974228,1611.4017114258875,490.27781748741694,1124.734391093248,222.8501398235322,2945.0900607638887,869.3700198432856,17.530254772100765,-432.7065124511719,150.13775634765625,18.658763885498047,41.43321228027344,5.29954719543457,15.670900344848633,5.2586822509765625,14.231766700744629,-1.7531321048736572,9.690417289733887,-0.3758687674999237,6.908694744110107,-3.838470220565796,11.449593544006348,-1.5733423233032227,7.835395336151123,-1.5011149644851685,6.92986536026001,-0.021551527082920074,4.44649076461792,-0.5923659801483154,5.494599342346191,-0.0235880259424448,3.9391300678253174,-1.9590424299240112,6.51524543762207,104.92100076711347,21.574903056838345,0.19953703703703704,8.167278338409874,11,2.0727272727272745,1.7990355542956438,0.16500217108119855,24,3.0049999999999994,6.1578947368421035,3.8105498690752153,2.519999999999996,0.017223910840932083,0.3302938196555216,call_253156878935,synthetic,train
0.03356068953871727,0.0402158685028553,0.1695688039235826,0.04004858949348579,0.029293639585375786,0.015929531306028366,960.7869198206604,172.61315646076665,774.7434042246769,107.553433264688,1802.0667496918652,336.0360487378464,21.302815052440458,-225.8378143310547,90.28768920898438,87.08209991455078,19.128917694091797,-27.310802459716797,23.01342010498047,17.897571563720703,15.188602447509766,-37.533931732177734,14.844367027282715,-14.347951889038086,11.4807767868042,-21.74744415283203,12.217687606811523,2.184628963470459,12.22327709197998,-13.111332893371582,10.718884468078613,-3.3069777488708496,8.783672332763672,-10.333720207214355,8.589699745178223,-7.553347587585449,8.124537467956543,-12.681427955627441,8.089574813842773,136.1016947429874,44.99999839899198,0.17543138866064092,14.100535805566214,35,1.0057142857142853,0.9077516517332745,0.22604675057796036,25,2.8567999999999993,3.327999999999997,2.8709134434879764,0.17999999999999972,0.04366812227074234,0.3589776521962498,call_24e1989c4d6d,synthetic,train
0.009685293771326542,0.025108013302087784,0.32732804219918954,0.09516691679150113,0.33013227581977844,0.1463945508003235,1688.4719770766453,355.5463785829638,1168.8661804301587,154.32180105090166,3123.387819513716,580.3147271752113,16.124232091218147,-502.6422119140625,137.75701904296875,22.33771514892578,27.55629539489746,9.451738357543945,16.268049240112305,-1.2483288049697876,12.773347854614258,-4.748850345611572,12.73267650604248,-3.6193361282348633,10.809335708618164,-2.0691821575164795,9.306539535522461,-0.24402666091918945,8.113414764404297,0.31429728865623474,7.077693462371826,1.83335542678833,5.637053966522217,-0.6692423224449158,5.3999104499816895,0.6930078268051147,4.735297679901123,-2.5949816703796387,6.084165573120117,89.38116756061038,34.94595851501721,0.43453865336658354,11.797859942485264,18,1.935555555555555,1.4534794354017528,0.1697028738431563,34,3.0111764705882385,5.211999999999995,3.599057654442337,0.2799999999999998,0.010910862152946897,0.3425231368728686,call_22d0f235a47e,human,train
0.03790885955095291,0.060413576662540436,0.10090314770718775,0.04022317192886521,0.014293436892330647,0.009684842079877853,729.9066451144408,283.0030704482252,695.9628213568574,167.1135912020808,1389.976004025923,515.6837099034984,20.013509272995243,-287.1944885253906,114.49290466308594,105.81044006347656,35.34602737426758,-12.859984397888184,20.657869338989258,11.517843246459961,8.982242584228516,4.853761672973633,23.8062744140625,4.990921497344971,8.678852081298828,-0.30906879901885986,15.923420906066895,1.7914197444915771,7.865787982940674,-6.538797855377197,10.266510009765625,0.3893710672855377,5.736900329589844,-6.371210098266602,7.475337028503418,-2.726459264755249,5.179758548736572,-4.892421722412109,6.582534313201904,120.81086233525681,88.86464907260986,0.9379418695993715,12.457336592115555,15,2.598666666666669,1.864553089140188,0.23928790669122185,22,3.7963636363636355,6.141818181818182,6.440544610204408,1.460000000000008,0.001596071209330822,0.24960098219766713,call_29a23dea3118,synthetic,train
0.036618154495954514,0.09370265901088715,0.18669605983122614,0.048381018748505825,0.14410094916820526,0.06859540939331055,1618.0277172980007,487.84862820379493,1123.3590239709854,225.86892089660589,2949.4983003339694,868.5416291691231,17.415646918633875,-420.49072265625,138.85711669921875,17.855539321899414,41.472808837890625,4.02506160736084,14.019492149353027,5.175161361694336,14.272246360778809,-1.9743925333023071,9.112175941467285,-0.9378136396408081,7.102151870727539,-3.221834421157837,9.863058090209961,-0.9164307713508606,7.9173264503479,-1.6926480531692505,6.655507564544678,-0.4864327013492584,4.326095104217529,0.12542960047721863,3.8651981353759766,-0.17231619358062744,3.284619092941284,-1.7411690950393677,5.748389720916748,112.86245561046653,24.160407625906522,0.14646946564885496,8.97540687728668,11,1.8418181818181816,0.9477419881133559,0.15105875335520427,16,4.517500000000001,6.917333333333333,6.5291790874163915,2.0799999999999983,0.0029824038174769024,0.31300328064419913,call_290aacdf95ca,synthetic,train
0.020913016051054,0.03140176087617874,0.1947814531774329,0.05377789675361548,0.12506012618541718,0.09140641987323761,1531.1424293979865,445.00879689000465,1073.76119578192,223.85291580744925,2815.8976510067114,773.1323078051582,19.030065291715715,-461.80780029296875,197.52481079101562,25.322771072387695,33.984283447265625,-6.614840507507324,22.555328369140625,7.984597682952881,15.212677955627441,-13.607839584350586,25.156005859375,-2.5525827407836914,9.466265678405762,-11.437223434448242,20.105318069458008,-1.89879310131073,9.368420600891113,-7.152530670166016,13.664320945739746,-2.1068906784057617,7.605736255645752,-2.845066785812378,7.997827529907227,-2.1090855598449707,7.503690719604492,-2.574368715286255,7.286693572998047,178.5237493300616,48.594447594049534,0.3640939597315436,14.182083477316205,24,2.5266666666666637,1.6155975846588648,0.3180197189007758,19,3.679999999999998,7.561052631578953,4.553353760791507,2.6600000000000037,0.008600797147052527,0.3238934340255931,call_2741c273bfcc,synthetic,train
0.021324055269360542,0.04046900197863579,0.28974354835505406,0.06348459793845865,0.28055381774902344,0.16112716495990753,1614.8699770176079,292.6818724929241,1139.996503986129,189.1241830994606,2986.6782720120787,630.1062540102942,16.908652098914075,-458.43359375,174.3935546875,22.075897216796875,21.987709045410156,2.076439619064331,25.12632179260254,7.783937454223633,13.481634140014648,-3.5463802814483643,20.564123153686523,-3.722297191619873,14.312259674072266,-2.257401466369629,9.404154777526855,-6.395395278930664,12.956390380859375,-2.131422281265259,7.920135021209717,-1.601183533668518,6.4352312088012695,-1.8248445987701416,5.318902492523193,-1.4978537559509277,5.546480655670166,-2.2947142124176025,5.695158958435059,127.72064982404491,78.07365537299687,0.8328035600762873,13.49886005311551,16,3.2587499999999974,3.105257386675057,0.25899066163322054,29,3.950344827586206,5.0261538461538455,4.888919242628859,0.7599999999999909,0.018279356248758125,0.19024438704549995,call_23991b635849,human,train
0.05010661855340004,0.09641429036855698,0.20636172184264617,0.04765704420459391,0.13811899721622467,0.06539952754974365,1709.1143239532926,291.73202938714473,1140.1016024272874,167.83248244783792,3106.254995813033,500.61912145518556,17.887788206992067,-392.6412048339844,191.239501953125,7.181023120880127,19.295507431030273,-5.754928112030029,21.222129821777344,0.1392335593700409,9.345345497131348,-12.024129867553711,25.79957389831543,-1.3437336683273315,8.361360549926758,-8.29135513305664,18.47844123840332,1.5265426635742188,6.25901985168457,-7.403067588806152,15.730910301208496,1.149038314819336,5.092989444732666,-3.8851189613342285,9.3203125,-0.6305195093154907,5.289563179016113,-2.4598755836486816,7.43405294418335,218.83165223888287,89.47776260477595,0.24269183922046286,19.624215176111434,10,4.716000000000001,2.469069460343309,0.22440045679482304,28,3.8121428571428586,8.860869565217389,7.707745349600692,2.4599999999999937,0.005900266463646789,0.27360106585458677,call_26be2ced1f65,synthetic,train
0.035969432443380356,0.052580077201128006,0.18692142016267124,0.03956498493786001,0.12271753698587418,0.0750560387969017,1525.1154262866007,432.95157929205595,1064.8466688558383,228.32047053812312,2799.876926369863,768.735117882119,18.447685713162755,-410.4486083984375,233.07662963867188,29.63309097290039,38.7181396484375,-6.481231212615967,21.21541404724121,6.4959869384765625,17.753902435302734,-16.597925186157227,27.0296573638916,-0.9913311004638672,8.933199882507324,-10.865923881530762,18.536739349365234,0.8861855268478394,8.253623962402344,-4.367165565490723,10.052726745605469,-0.40949949622154236,6.493898391723633,-1.8687268495559692,6.796276569366455,-2.553724527359009,7.296043872833252,-2.566042184829712,6.842835903167725,118.00669894067795,34.11146415481036,0.1726027397260274,12.96162852513266,9,5.473333333333334,4.621062888797581,0.3515558093063089,10,6.255999999999999,4.555999999999998,4.709384673181833,2.1400000000000006,0.00642306594347706,0.20839280616614342,call_29f2b21b3d8a,synthetic,train
0.023585572838783264,0.05406368151307106,0.259490640470297,0.13916659261819772,0.182854562997818,0.13178013265132904,1417.8725085943606,390.37117905225165,978.805618903755,176.4213673780011,2548.633972772277,552.6183616304194,17.118926416298418,-412.2403564453125,142.98046875,34.56002426147461,30.761363983154297,-8.168731689453125,25.454633712768555,-0.9349106550216675,17.764183044433594,-15.608762741088867,21.55769157409668,-8.011127471923828,12.679831504821777,-12.899503707885742,11.826253890991211,-3.902405261993408,9.331138610839844,-7.264638900756836,7.843653678894043,-2.583672285079956,7.197884559631348,-5.121994972229004,6.85144567489624,-4.349677562713623,6.964441299438477,-2.2892985343933105,5.197741985321045,181.70984270988984,94.14095758229317,0.26495049504950496,20.35782871934736,35,1.2554285714285693,1.2387836035105295,0.2720069332673018,26,3.7938461538461534,3.1712000000000033,3.5198185407773517,0.03999999999999915,0.06722793116256003,0.18459824192150587,call_29e423c5b8aa,human,train
0.03444762900471687,0.08200223743915558,0.18259286907176833,0.0457727382313008,0.1422816962003708,0.06411926448345184,1643.1921606066408,430.141817385712,1138.140472625195,204.50205482822145,3026.954655148293,709.6351903380662,17.807498899333087,-438.08294677734375,163.29026794433594,13.494702339172363,30.089529037475586,1.533884048461914,12.289729118347168,6.074940204620361,14.980634689331055,-4.663829326629639,13.912297248840332,-0.23901955783367157,6.253154754638672,-2.970414876937866,9.879080772399902,1.181166172027588,5.164253234863281,-1.4339486360549927,7.083571434020996,0.9439248442649841,4.092503547668457,-0.15118485689163208,5.266857624053955,-0.8840134739875793,5.516183853149414,-1.643049716949463,6.7360124588012695,118.53865424665291,23.793697789149302,0.18186905428091774,7.988047190032107,6,3.0133333333333323,4.524329293448428,0.15815255423372984,19,3.3463157894736844,10.59578947368421,9.11690293430688,1.4,0.009447165850244889,0.29513645906228125,call_2cd6a0b37e59,synthetic,train
0.032872866839170456,0.062216728925704956,0.1659413249530877,0.08824497205745677,0.15718410909175873,0.15686152875423431,1298.6538731918563,552.4031476294037,1018.0844180759651,351.0725999804803,2526.1536165131356,1083.0657957634362,18.154038434682935,-420.2268981933594,158.49755859375,24.15062141418457,39.046451568603516,2.8517251014709473,19.70726203918457,-3.481708288192749,12.607637405395508,-10.496440887451172,22.238422393798828,-5.241935729980469,11.397250175476074,-7.653929233551025,14.364619255065918,-1.818124532699585,6.227506637573242,-3.0340566635131836,7.184390068054199,-0.0668172612786293,4.0017499923706055,-2.0597732067108154,5.8308424949646,-2.108877182006836,5.4669718742370605,-2.325847625732422,5.644273281097412,163.45552096987896,83.30430780832477,0.42681678607983625,17.27980295028318,18,2.494444444444446,1.9117857336422475,0.2394411262798636,27,3.6207407407407413,4.542307692307694,3.7120731380521748,1.0799999999999983,0.010665529010238907,0.24989334470989755,call_29fddbedd6a4,human,train
0.012118840590119362,0.028281675651669502,0.30876252672778215,0.08133114822676801,0.31261152029037476,0.15218539535999298,1640.624593043954,366.0754075058592,1139.499178833624,173.7701431627063,3023.9582309280377,620.1245817861668,16.387022692186168,-491.0746154785156,147.39944458007812,25.196208953857422,29.021324157714844,9.674518585205078,15.737926483154297,0.28169310092926025,13.332911491394043,-11.171280860900879,19.64512825012207,-2.6940088272094727,9.69680404663086,-4.139520645141602,9.141172409057617,-0.9608684778213501,8.08621597290039,2.3043062686920166,5.844547748565674,1.2353167533874512,5.244452476501465,0.14344365894794464,4.791802406311035,-0.7947246432304382,5.743168354034424,-3.2140755653381348,7.332645416259766,92.91749686688279,27.896372849541265,0.41368462445930004,12.421882437174647,20,1.621,1.3655105272388046,0.19921346933759376,24,3.5391666666666683,4.986956521739128,4.820000392190678,0.480000000000004,0.011552169104092383,0.29040186801032297,call_2a34be1bd407,human,train
0.04072301462292671,0.06566392630338669,0.19148506801286858,0.037299177353246865,0.12794356048107147,0.07007034868001938,1575.4371037720423,413.5471353704576,1084.0595622039114,224.38467073424687,2877.6041666666665,738.6622528183307,18.23154520171165,-414.7666931152344,232.83775329589844,24.533395767211914,36.89821243286133,-6.403839111328125,21.458419799804688,6.323399066925049,16.108043670654297,-12.77975082397461,24.762285232543945,-0.45009392499923706,8.819180488586426,-9.271246910095215,18.21720314025879,0.3951132893562317,8.344439506530762,-3.401024580001831,9.493693351745605,0.7730250358581543,6.578585147857666,-1.0240474939346313,6.419965744018555,-1.8047175407409668,6.681740760803223,-2.151230573654175,7.182121753692627,116.15082828998963,40.971901861711785,0.047976011994003,16.08732292205179,10,3.7659999999999982,3.1441125934037406,0.2941727855022651,18,3.283333333333333,3.496000000000001,2.2847225943937564,1.5999999999999979,0.014685205436650542,0.2588658022184035,call_30c4f6565eec,synthetic,train
0.024142486974596977,0.046501524746418,0.15928416963711406,0.05173565683406371,0.10092611610889435,0.05272025242447853,1651.4682710535637,476.3102389882332,1171.048696828759,209.57959013874466,3053.4881539451117,806.7494893909462,18.504108014351537,-464.3633117675781,177.9926300048828,20.96826171875,38.320526123046875,5.189172744750977,20.094202041625977,4.567979335784912,17.11065101623535,-2.5982134342193604,14.923179626464844,-5.2606353759765625,14.106281280517578,-6.629664897918701,15.635162353515625,-1.1375865936279297,8.118963241577148,-4.655596733093262,12.262550354003906,0.3397372364997864,5.265782356262207,0.19762779772281647,5.059012413024902,-0.3137776553630829,4.956152439117432,-1.0961885452270508,6.249386310577393,127.33423764320801,23.69977470252691,0.2199828473413379,9.382391916382733,11,3.467272727272729,2.294028179699674,0.25563002680965163,23,3.5982608695652156,4.219999999999999,3.2570845859449213,1.0600000000000023,0.00951742627345841,0.19919571045576412,call_2d2c74bdeb7b,human,train
0.045066699385643005,0.0537419430911541,0.16239225514446304,0.048010542595791315,0.025883033871650696,0.015588458627462387,944.2717027752302,242.3320477859069,753.8548183346674,176.76782300089013,1781.0641954663695,480.1795879504152,21.892184070735382,-201.3004913330078,91.95398712158203,79.1270751953125,23.826547622680664,-24.951499938964844,23.374418258666992,12.242846488952637,13.682540893554688,-38.518375396728516,18.38018035888672,-16.062660217285156,11.887024879455566,-20.8675537109375,13.712922096252441,1.9016187191009521,11.514307975769043,-12.268900871276855,11.183723449707031,-4.514543533325195,8.64130973815918,-10.768628120422363,9.297342300415039,-9.209593772888184,8.17951774597168,-12.15904712677002,7.768451690673828,210.5136061669873,72.69534157663324,0.19992567818654775,22.077111430638393,44,1.0649999999999977,1.0611582437044076,0.2721570449529557,11,5.683636363636367,2.098181818181817,1.2201178645138302,0.5199999999999818,0.05261935184109655,0.4173539319316998,call_2d4374d86df7,synthetic,val
0.01986902393400669,0.035485025495290756,0.07979355543966624,0.09850403385722767,0.03630761429667473,0.08019394427537918,691.555013445533,631.3798100144444,663.6928309003312,507.5691664966705,1412.6509346919127,1273.3084313996735,23.593543788687235,-463.794677734375,163.96148681640625,35.1310920715332,45.07625961303711,11.619416236877441,23.871490478515625,5.635498523712158,16.34687614440918,-3.9194447994232178,17.832855224609375,-3.582181692123413,11.53321647644043,-4.707307815551758,11.680200576782227,-2.762376308441162,8.473904609680176,-4.460256576538086,9.0734224319458,-1.3149837255477905,6.710570812225342,-2.8113911151885986,7.142716407775879,-2.460592031478882,6.420547962188721,-2.5328450202941895,6.256894588470459,140.47683731001788,49.512572068819416,0.2862644415917843,12.279378915683168,19,1.9042105263157891,2.8070106140265354,0.3628886659979939,13,3.6046153846153857,2.843333333333332,2.2789008071631573,0.5,0.0886659979939818,0.25576730190571695,call_35966c559fcc,human,train
0.030103284865617752,0.0669940859079361,0.18406271669983115,0.05398136997490201,0.14145299792289734,0.07900960743427277,1573.7432145773935,511.8823404565563,1115.125692943168,209.36389266223145,2880.163109020743,903.8776150908764,17.70879238552971,-446.02496337890625,146.64585876464844,22.0158634185791,42.85102462768555,7.35469388961792,16.73956871032715,8.517372131347656,17.716779708862305,-3.6836659908294678,12.46890640258789,-0.7218155860900879,7.413046360015869,-4.566847324371338,11.926321029663086,-1.169863224029541,7.697089195251465,-0.7567770481109619,6.598741054534912,-0.1885315626859665,4.64277458190918,0.264449805021286,4.494661331176758,-0.16178764402866364,4.106716632843018,-1.4723975658416748,5.811070919036865,100.83946915893685,21.40105427137948,0.2001929570670526,8.782485351006924,16,1.5912499999999985,0.7237046617923666,0.19191919191919174,17,3.9376470588235284,4.858823529411766,3.120380599623257,0.6000000000000014,0.00708578320518616,0.31056837026986306,call_312805f2b67f,synthetic,train
0.016010554507374763,0.030218742787837982,0.14356003608512094,0.1327477373820113,0.06428306549787521,0.10188266634941101,1028.4531356314112,711.0797865675383,791.2483103968508,465.42037817181375,1916.3106886125056,1271.8861578638653,21.154341180274713,-474.9189453125,161.6251678466797,27.814199447631836,38.33428192138672,1.8473480939865112,28.44870948791504,1.9778048992156982,17.128999710083008,-11.226874351501465,21.940685272216797,-6.396834373474121,13.557476997375488,-6.703677654266357,14.015292167663574,-3.083655834197998,10.537983894348145,-4.140833377838135,10.058958053588867,-2.160691261291504,8.970468521118164,-2.3312840461730957,9.630026817321777,-0.260660856962204,6.695378303527832,-1.0232341289520264,6.782968521118164,208.81927121740452,73.45825953667632,0.25924235508900045,18.254181742088605,37,1.4783783783783782,1.887147874458451,0.39015691868758917,22,3.334545454545454,3.309523809523811,3.2654300033190076,0.03999999999999204,0.12524964336661915,0.21184022824536386,call_3332ecee2806,human,train
0.01281682774424553,0.029044732451438904,0.19565984504244666,0.06743692740416748,0.20776395499706268,0.12045780569314957,1423.7091343001975,356.5906157726591,1114.3760344831835,182.72897648486145,2806.0547725293864,662.5692585427855,16.682122230077194,-484.7823181152344,152.11305236816406,39.19288635253906,30.08989906311035,7.057332515716553,17.63787841796875,4.323960304260254,12.53779125213623,-4.72959566116333,14.93702507019043,-6.377146244049072,11.413064956665039,-7.724286079406738,10.255587577819824,-5.48699951171875,8.51358699798584,-4.692342758178711,8.189227104187012,-2.246274471282959,6.641604423522949,-2.669708251953125,6.210179328918457,-1.9013569355010986,5.395520210266113,-3.010930061340332,6.544029712677002,106.0335371870158,37.11469150213061,0.5380931649978232,16.255747729684842,16,2.0862500000000006,1.9255222505855374,0.2270748299319728,20,4.194,3.437777777777776,3.1220071100274143,0.21999999999999886,0.03482993197278909,0.2371428571428571,call_349b9fddaff0,human,train
0.0488373339176178,0.07943129539489746,0.1654338773721122,0.04257791288494538,0.027137165889143944,0.017307942733168602,942.6775610988639,185.97893257040508,766.1987222741876,118.99822847449897,1784.3075323157316,365.7627070188106,21.583230042392657,-229.77822875976562,92.41902160644531,82.2898941040039,18.77325439453125,-20.47184181213379,25.019798278808594,13.98364543914795,14.301380157470703,-38.060585021972656,17.13389015197754,-18.697595596313477,12.174616813659668,-20.953262329101562,14.145709037780762,0.44665470719337463,11.972755432128906,-8.936558723449707,9.962614059448242,-5.116203308105469,8.992484092712402,-6.890056610107422,8.833552360534668,-10.064960479736328,8.571063995361328,-10.875940322875977,7.412583351135254,135.32338547484193,64.67220155618466,0.20572057205720573,17.34716102549157,24,1.1800000000000006,1.284743813632378,0.24350816852966478,13,3.3199999999999985,2.1816666666666666,1.1094881202107976,0.0,0.05743766122098015,0.4428202923473775,call_374f870c8124,synthetic,train
0.05097510665655136,0.08769942075014114,0.1885115334042077,0.04537823001184391,0.12939384579658508,0.07348444312810898,1574.6809777731737,445.3449417567829,1103.1059511259018,213.61431254369504,2891.224751007162,772.9734767812274,18.26020698796854,-372.6495666503906,192.645263671875,22.33846664428711,38.8271369934082,-0.4425256848335266,18.98617172241211,6.619047164916992,18.674501419067383,-8.341696739196777,19.591611862182617,0.6765986680984497,9.19959545135498,-7.782449722290039,16.296606063842773,0.44960081577301025,7.286072731018066,-3.1935067176818848,8.814427375793457,0.32565584778785706,7.20890474319458,-1.1853992938995361,6.756338119506836,-1.669730305671692,6.418544292449951,-3.341763973236084,7.934971809387207,127.66478480364884,38.79950076302276,0.2197851387645479,12.602304857848099,12,3.2050000000000005,1.6130121925556957,0.26910159529806893,18,3.6400000000000006,6.326666666666664,5.293396305250953,2.1599999999999966,0.005737475510775261,0.2781975930590538,call_36d72e4b1aef,synthetic,val
0.010748895816504955,0.02381928823888302,0.19149038219605474,0.09382891456462193,0.13231879472732544,0.12791365385055542,1326.0806258860696,506.84837898346126,958.6062304861532,348.39558984322264,2445.8251559983896,985.341226117931,18.400340845359224,-470.9078674316406,146.18124389648438,30.258758544921875,29.19913673400879,-14.23936653137207,36.30642318725586,-7.680970668792725,19.070571899414062,-6.846617698669434,17.79439926147461,-0.2020910382270813,11.891626358032227,-6.910013198852539,15.413566589355469,-3.330960273742676,9.011564254760742,-5.361076354980469,10.68437385559082,-1.319295883178711,7.10543155670166,-2.871150493621826,6.743497848510742,-2.6309316158294678,6.779348850250244,-1.75834321975708,5.735852241516113,167.77789604475763,92.6826035593374,0.2725442834138486,17.642990876021116,44,1.3795454545454537,1.7503012137466445,0.3818570709612479,28,3.4035714285714294,2.678571428571428,2.773692374391057,0.04000000000000625,0.13009562154000992,0.1487166582788122,call_36640e327eaf,human,train
0.06533874571323395,0.10515552759170532,0.17394799867448585,0.04432634093618782,0.1156427413225174,0.07882142812013626,1478.5153515072486,508.06607767224074,1054.832439567446,243.77780872442312,2750.12217491431,857.856623211797,18.937170890577317,-358.69580078125,178.9786834716797,30.097248077392578,43.552024841308594,2.9274890422821045,15.91823959350586,7.093529224395752,13.797211647033691,-19.122404098510742,31.150739669799805,-6.724157333374023,13.08169937133789,-11.117753028869629,19.086639404296875,0.021224400028586388,9.164969444274902,-0.6396563649177551,6.685219764709473,-0.8781974911689758,5.724370956420898,0.34700289368629456,4.728830814361572,-5.264297962188721,9.454856872558594,-3.507223129272461,7.0536675453186035,130.14552884042075,63.185599841161384,0.25492716366752355,11.683120234570447,13,3.689230769230768,3.4991833366756633,0.32114637739386626,17,4.009411764705881,4.84823529411765,4.491712938413057,1.740000000000001,0.014999330387036271,0.23744475693049427,call_373750027ccd,synthetic,train
0.037047602236270905,0.06859716027975082,0.1785467902788536,0.05455787224432975,0.131997749209404,0.07589073479175568,1563.3761119610822,480.49936801911525,1118.630553754661,195.32638895293644,2917.436217079783,767.6884859629173,18.22445574351839,-431.18988037109375,180.89443969726562,21.324758529663086,37.30811309814453,4.994593143463135,16.349470138549805,7.676593780517578,15.71141529083252,-7.174538612365723,16.4409236907959,1.2133307456970215,6.1673688888549805,-5.148933410644531,12.27632999420166,1.1898574829101562,6.059537410736084,-2.108294725418091,8.085111618041992,0.4561671018600464,5.435384750366211,-1.2389541864395142,6.288307189941406,-1.3158472776412964,5.987290859222412,-2.3241946697235107,7.089274883270264,120.0552406998553,24.056022403868973,0.28001549186676994,7.225544289405408,12,3.308333333333333,2.1596521067575263,0.2403147699757869,26,2.821538461538462,9.060769230769235,6.2059387953283105,2.3799999999999955,0.005084745762711886,0.32070217917675536,call_387c5493a07f,synthetic,train
0.05426383763551712,0.07046742737293243,0.1154662595695281,0.047036280436492446,0.021094227209687233,0.016352444887161255,781.7922388782824,253.29496556165532,731.3510049613152,121.53912624140285,1487.2432438085675,475.8180523813286,19.635457646306563,-250.67013549804688,151.17503356933594,107.72383117675781,28.764150619506836,-14.565595626831055,18.919137954711914,15.105944633483887,15.782927513122559,-5.579872131347656,31.956226348876953,3.589932918548584,9.844022750854492,-6.232531547546387,21.07310676574707,0.617497980594635,9.95897102355957,-5.881094455718994,9.172348022460938,0.20459869503974915,7.574294567108154,-3.267840623855591,6.036140441894531,-4.531620025634766,6.224859237670898,-4.458410739898682,6.077078819274902,80.8358250280054,21.706798195608915,0.6489290495314591,8.827165604086455,19,3.3347368421052646,2.187195677288138,0.33134609350486366,18,4.276666666666669,9.513333333333328,8.571964639321473,3.0999999999999943,0.004079071226859158,0.27016002510197634,call_39880aff21ed,synthetic,train
0.06310707330703735,0.10257893800735474,0.20409525788902494,0.04555228971319513,0.1268841028213501,0.06886575371026993,1661.8864167687907,323.5437294637098,1122.1005082191919,185.54914643221292,3029.582104296527,565.0378204078858,18.229352643289555,-360.1169128417969,209.90216064453125,11.642021179199219,23.187973022460938,-4.817901611328125,22.93287467956543,1.148205041885376,9.734471321105957,-15.868551254272461,29.020673751831055,-0.58091801404953,8.64704704284668,-10.461501121520996,19.72001838684082,1.9966202974319458,6.627943515777588,-9.013548851013184,16.08959197998047,1.4731603860855103,5.555178642272949,-5.308767795562744,10.35825252532959,-1.0755373239517212,5.737913608551025,-3.3633244037628174,8.14326000213623,193.4112043652862,93.01595175809587,0.3317008014247551,18.957780759811143,10,4.172,3.977367973924465,0.2902462780019479,23,2.7626086956521725,6.324705882352942,3.8126139213792434,3.259999999999998,0.02629748156393489,0.2940030610825104,call_37e63dcc8185,synthetic,train
0.016658248379826546,0.030946776270866394,0.20086276541463763,0.07178299438290968,0.16299749910831451,0.17116108536720276,1204.3038173162074,415.40181818151825,964.3343603819903,235.0206111017093,2303.6804461472357,833.9146231212807,18.035967823871346,-427.20489501953125,125.94646453857422,54.5936164855957,36.78913879394531,-2.9534757137298584,30.828603744506836,1.8145546913146973,16.4202823638916,-5.248351573944092,24.09571075439453,-11.465828895568848,14.436456680297852,-7.627655982971191,13.422447204589844,-5.000716686248779,8.806458473205566,-9.40967845916748,9.536948204040527,-3.335750102996826,7.346508979797363,-6.7946367263793945,8.111384391784668,-5.513036727905273,7.335626125335693,-5.501706600189209,7.567508697509766,178.2654666444616,84.74652830568809,0.537381839014609,19.786699268626375,63,2.002222222222223,2.6414765257960475,0.5647385386819487,25,5.569599999999999,2.415833333333334,2.7091940939860493,0.23999999999999488,0.25510386819484265,0.06697707736389691,call_34f4c668dbe8,human,train
0.007223058491945267,0.017557630315423012,0.1303266352594953,0.1065988772304166,0.12324719876050949,0.15056374669075012,1177.8592917014482,653.8829580625421,919.3038078851594,463.85931060279034,2274.6894510926118,1269.6672456660394,20.272849969849528,-512.5267944335938,141.9944305419922,19.225753784179688,23.894981384277344,-2.5565407276153564,19.412046432495117,1.7300572395324707,9.924169540405273,-4.30356502532959,15.722701072692871,-2.674234390258789,9.42246150970459,-3.6480307579040527,9.593362808227539,-3.69693660736084,8.585831642150879,-4.245534896850586,10.452021598815918,0.5037695169448853,4.734808444976807,-0.9138932824134827,5.087540149688721,-1.4466571807861328,6.160234451293945,-0.10589464753866196,4.523179054260254,155.6347317487486,67.91236946798618,0.31633714880332986,17.058191179055683,11,2.047272727272727,1.2559754695714762,0.18314899154196485,14,5.044285714285713,2.5753846153846163,2.3756994609996624,0.8999999999999986,0.018217306441119067,0.2607351984385168,call_3b1bf9fab29d,human,train
0.018946439027786255,0.050435349345207214,0.1939206385007166,0.11813700418192272,0.2046329230070114,0.1750587671995163,1274.6876575664296,619.855176278796,954.7909497880605,419.35123614644317,2433.3889997952497,1180.7019832974772,18.293832878740464,-469.8960876464844,149.55140686035156,21.580615997314453,31.512592315673828,-0.06979672610759735,23.592042922973633,1.9760677814483643,10.44509220123291,-5.716141700744629,17.6328182220459,-2.8339195251464844,9.046395301818848,-4.5192341804504395,10.410271644592285,-2.5696535110473633,6.7031025886535645,-2.660964250564575,6.76677131652832,-0.635881781578064,4.926393985748291,-1.8724278211593628,5.4059977531433105,-1.902951955795288,5.931012153625488,-1.5980007648468018,5.11890172958374,146.3333507637464,133.34879158191103,0.3652743652743653,18.32324765927436,25,1.1615999999999993,0.8711908172151513,0.18582032249808028,27,3.591851851851851,2.8284615384615384,2.57404902874185,0.0,0.05438955720501652,0.2480163808548761,call_3b9afdd4a2df,human,val
0.014818955212831497,0.022425029426813126,0.24397357159069188,0.07859709698296491,0.22499826550483704,0.17566215991973877,1330.6211279220245,330.4658120986688,994.8184584032247,192.62058471287676,2547.927716456422,672.9335976508589,17.13626011367136,-395.95587158203125,138.892333984375,52.996116638183594,30.447160720825195,-10.748451232910156,22.94898223876953,-1.6630420684814453,18.847301483154297,-21.842435836791992,27.14859962463379,-6.030794620513916,10.067075729370117,-14.892751693725586,12.97821044921875,-11.087763786315918,10.537461280822754,-8.360160827636719,8.203754425048828,-3.4069764614105225,6.611608028411865,-5.504809379577637,5.95752477645874,-1.9079567193984985,5.147537708282471,-5.783549785614014,5.98854923248291,104.07850377167395,32.280802317230304,0.3490061162079511,18.093394654195066,24,2.526666666666666,2.29764130263093,0.36228940136216986,18,4.238888888888889,5.4858823529411795,5.970774960858768,0.6800000000000068,0.015533516549169415,0.1973951487632929,call_3adbf4ac0f30,human,train
0.0227114986628294,0.03762924298644066,0.19539283591601742,0.05274235156180867,0.1258074790239334,0.08214658498764038,1555.7631406437722,442.2956336013476,1082.3019125794442,223.3659880598876,2854.521726054079,769.2659013731164,18.84124353154853,-468.75701904296875,194.363037109375,23.906002044677734,33.91802978515625,-6.31790018081665,22.7148494720459,6.802131175994873,14.238527297973633,-12.04883861541748,24.770416259765625,-1.6717212200164795,9.351725578308105,-9.121960639953613,18.14973258972168,-1.7007908821105957,9.291680335998535,-5.5787553787231445,12.407140731811523,-1.9714455604553223,7.982600212097168,-2.3715567588806152,7.877493858337402,-1.7714998722076416,7.197759628295898,-2.0937321186065674,7.007739067077637,178.25243027539778,50.1621955156514,0.3162236480293309,13.28371387173504,14,2.9185714285714295,2.931673966336973,0.2926095674591809,19,3.1936842105263152,3.9526315789473667,2.493724422594621,1.7400000000000002,0.013749641936407944,0.28659409911200207,call_3cd08cbaf55c,synthetic,train
0.02595800906419754,0.06540372222661972,0.18988131009615383,0.040174986310696145,0.14474447071552277,0.07194061577320099,1648.1286611104974,410.9973296266388,1122.6513180913441,217.97758818591572,3007.197516025641,728.4989287501004,17.574191719218803,-442.6835632324219,136.12579345703125,13.724699974060059,30.86018180847168,-2.7624094486236572,14.520867347717285,-0.8352635502815247,6.390610694885254,-9.879446029663086,24.9886417388916,-2.2490711212158203,8.845656394958496,-3.672743320465088,11.573331832885742,-0.5014939308166504,5.345980167388916,-2.970611095428467,9.024944305419922,-1.1023359298706055,5.317012310028076,-1.3840751647949219,5.676310062408447,-2.0054900646209717,6.469934940338135,-0.8071237206459045,4.248709201812744,189.53796469879305,75.40863689125489,0.2205128205128205,20.839945419562206,15,1.2626666666666666,0.857962444140507,0.15181147803783263,17,3.678823529411764,3.791428571428572,2.552172343998224,0.5799999999999983,0.0,0.3469060596344984,call_415d987a1504,synthetic,train
0.02448127605021,0.05656527355313301,0.19689192384432005,0.032600051962009366,0.14751045405864716,0.060434214770793915,1681.876963986215,344.86188251713185,1139.7801625486547,181.94804746033313,3061.2950870646764,616.0027213274598,17.400559480664306,-479.5414733886719,190.1509552001953,15.048481941223145,30.551864624023438,-3.0528740882873535,16.141633987426758,3.533925771713257,12.923371315002441,-7.3008928298950195,21.39409637451172,0.40913331508636475,6.152175426483154,-4.802918434143066,14.9049072265625,0.9530426263809204,7.289547920227051,-1.7124379873275757,7.990943908691406,0.9154306650161743,5.824010372161865,0.11499134451150894,5.127630710601807,-0.7238345742225647,5.80491304397583,-0.8648316264152527,5.833823204040527,73.74696949475752,6.041248828368361,0.008291873963515755,4.691256047356366,8,1.5875,1.5632318286166003,0.16455040165846072,16,2.901250000000001,3.767142857142858,2.363672773374487,1.0399999999999991,0.036019694221300774,0.2700181394143558,call_41fc5fd779c9,synthetic,train
0.010379256680607796,0.019364725798368454,0.30865748535370124,0.09934446372127426,0.34115859866142273,0.1974625289440155,1564.152823976082,360.891568592221,1085.5409457512524,170.8907270805911,2898.6958634472185,652.867356781158,15.861267686399426,-458.5010070800781,147.83355712890625,32.7003059387207,29.056020736694336,-1.5135469436645508,19.550315856933594,1.3748996257781982,13.049065589904785,-12.276143074035645,20.549728393554688,-5.875781059265137,9.880499839782715,-13.803481101989746,16.606630325317383,-5.29847526550293,7.01810884475708,-7.696974754333496,10.892989158630371,-1.2298905849456787,6.2552361488342285,-4.084860801696777,5.78925895690918,-1.435636043548584,5.662843227386475,-2.887397527694702,5.056838035583496,98.64207625592492,32.10106970792165,0.43626806833114323,17.014646076918012,17,2.2282352941176446,1.8323505806801907,0.2592744695414097,25,3.093600000000001,3.8232,3.4270952364940186,0.480000000000004,0.022176591375770036,0.23353867214236845,call_3d69be34ef44,human,train
0.020793821662664413,0.04049355536699295,0.22837198684309876,0.07015111485571607,0.2722751498222351,0.1709936112165451,1381.808248180464,365.6539104539268,1044.2867493578374,195.47006229192584,2660.533779447297,724.5199266817359,16.454312333091764,-448.3182067871094,150.54922485351562,35.942657470703125,35.4459342956543,3.8093554973602295,18.555723190307617,-2.8255321979522705,15.469030380249023,-13.528290748596191,19.08892822265625,-9.757549285888672,14.716024398803711,-9.119067192077637,14.07370376586914,-7.837775707244873,12.836793899536133,-1.2443349361419678,8.226116180419922,-2.9263408184051514,8.113574981689453,-1.2355788946151733,6.690069198608398,0.8308484554290771,5.526998996734619,-3.3738675117492676,6.537856101989746,117.86378506713545,77.58134466532175,0.5668982180610087,17.904527481451638,25,2.2871999999999986,1.8921554270196708,0.2698442661632844,36,3.461111111111111,5.828235294117648,5.501319879376666,0.10000000000000853,0.057668711656441655,0.19981123171307247,call_3ca96b2dd5c4,human,train
0.01844794675707817,0.025752214714884758,0.09285501305208833,0.023232035075324838,0.01435517705976963,0.010159176774322987,665.6533189682802,139.5078961216588,698.9245176565668,97.53151014081938,1295.170352256361,341.57690730269235,19.072364708769786,-322.4859313964844,81.41488647460938,126.03081512451172,19.84436798095703,-10.284996032714844,18.625368118286133,16.298362731933594,9.893375396728516,1.7631275653839111,19.958906173706055,5.978686332702637,8.976741790771484,-0.7684897780418396,13.305636405944824,-0.10455521941184998,6.780391693115234,-6.039938449859619,9.112072944641113,-0.5314991474151611,6.346683979034424,-5.795501232147217,6.481048583984375,-2.4601662158966064,5.526034832000732,-4.78935432434082,6.231150150299072,105.77121091182123,59.584475313785425,0.8886221795487278,12.022215103158658,22,1.5372727272727273,1.3853164450379423,0.25371342835708927,21,3.0190476190476194,3.6533333333333338,2.3460415834147312,1.5799999999999983,0.014553638409602289,0.2852213053263315,call_4789ebd9b148,synthetic,train
0.013018354773521423,0.021215934306383133,0.2925328679139103,0.10310013004374387,0.3109104335308075,0.20693381130695343,1497.2287597227432,398.92670552814997,1048.817227606453,209.95272718509477,2783.6316496692393,727.8394632381016,16.440342091037518,-436.0845642089844,156.01768493652344,36.27390670776367,30.484773635864258,-1.5814768075942993,21.275676727294922,3.4444899559020996,15.784713745117188,-17.7824764251709,24.8013973236084,-6.534063816070557,9.94814682006836,-16.292007446289062,17.628942489624023,-7.336191654205322,8.63688850402832,-8.660008430480957,11.180188179016113,-1.9145071506500244,6.555629253387451,-4.090710639953613,5.6879167556762695,-2.100043535232544,6.055990695953369,-3.2032265663146973,5.451533794403076,96.54210774280067,37.628860746180735,0.3098125689084895,16.942382168371836,21,2.564761904761904,2.162193813275721,0.3092913747559434,20,4.075000000000002,4.175,5.119358846574443,0.46000000000000796,0.002641552773630458,0.22533593660273332,call_3f3ac4984431,human,train
0.04634656384587288,0.07884147018194199,0.18118605630922835,0.04944469359815357,0.12088379263877869,0.08329319208860397,1524.28932688381,451.3558782340629,1069.2482734973796,221.29468959508782,2827.3088475857403,745.7588923482265,18.63374291183604,-375.81103515625,158.08944702148438,22.160701751708984,34.027503967285156,-6.007528781890869,21.622161865234375,1.998008370399475,8.43259048461914,-18.291431427001953,29.9890079498291,-4.157468795776367,10.598258018493652,-8.213544845581055,15.103923797607422,-3.1136043071746826,7.826404571533203,-7.42673397064209,12.831244468688965,-4.396099090576172,8.47110366821289,-4.90987491607666,8.980850219726562,-4.636297225952148,9.017831802368164,-2.4821527004241943,6.187903881072998,223.11859413009745,69.09800763923496,0.36462093862815886,17.003350871909497,12,3.8183333333333365,3.4314570115655276,0.3231767527154749,15,3.970666666666665,6.604000000000002,5.988345124768054,2.240000000000009,0.018056143320637624,0.2747919311609536,call_450b4e13468b,synthetic,train
0.0370001457631588,0.07101420313119888,0.09587612907925408,0.03148114347206256,0.016001200303435326,0.010752063244581223,692.4629333587135,200.64145906394097,719.1554145266126,124.88474194845993,1362.4921085858587,419.9114808589446,19.133658672420093,-305.7405700683594,118.07111358642578,107.66374969482422,22.58009147644043,-1.7374076843261719,16.084651947021484,12.397622108459473,14.918880462646484,8.73727798461914,22.96830177307129,5.528109550476074,7.50230073928833,0.8567349910736084,13.917435646057129,1.0674948692321777,6.685312271118164,-4.425510406494141,6.412559509277344,-0.045419059693813324,6.194953918457031,-4.102200508117676,6.492467880249023,-3.7628064155578613,5.227522373199463,-4.112280368804932,5.734466552734375,86.47750340996464,26.34801455680841,0.9568764568764568,8.344839354723122,20,1.409,1.3531958468750933,0.1710989678202793,18,4.750000000000001,7.23,6.885676760090066,2.3200000000000003,0.002550091074681249,0.31232544019429254,call_4affad158a4c,synthetic,val
0.02392061986029148,0.034609630703926086,0.19276461636062955,0.07959784190586097,0.06248841807246208,0.06858775019645691,1079.108134973757,344.5478247057344,867.5364901927669,185.78476842726712,1983.191719890511,698.99419009031,19.734867359876308,-316.34271240234375,102.40043640136719,78.0652084350586,35.787662506103516,-18.94809341430664,35.818572998046875,-6.0658440589904785,23.616613388061523,-5.4510698318481445,23.594097137451172,-8.395733833312988,14.185893058776855,-9.136443138122559,16.684032440185547,-13.833036422729492,13.89660930633545,-15.35838794708252,9.937801361083984,-5.634383201599121,9.114006996154785,-10.149733543395996,8.625823020935059,-7.5834784507751465,8.348060607910156,-9.715813636779785,8.535788536071777,225.67356591649,99.35352632476366,0.3261861313868613,26.62164871824999,46,1.8182608695652167,1.8659084561493577,0.5963211179238556,20,3.470999999999998,2.7350000000000003,2.493454431105567,0.12000000000000455,0.2606587765578209,0.16939968629687718,call_486215b37ca1,human,train
0.04845708608627319,0.07063978910446167,0.14882125243626212,0.09046751804618453,0.12578967213630676,0.1609552502632141,1140.6577726329283,553.988418872608,917.9419093177887,382.8263413622694,2225.8365597345132,1114.9762116748782,19.302509832704434,-391.5330810546875,182.5450897216797,33.2684440612793,41.51171875,-1.2122063636779785,21.87641716003418,-3.3205294609069824,13.505220413208008,-20.101123809814453,30.723865509033203,-7.02876091003418,13.847747802734375,-4.420166969299316,11.39690113067627,-2.9805469512939453,7.674417018890381,-7.054962635040283,10.466419219970703,-2.0579051971435547,5.6771674156188965,-1.7462201118469238,5.420072555541992,-3.071241617202759,6.021223545074463,-2.114769458770752,5.360161781311035,187.98396175722698,71.00027250044276,0.4698693636746734,14.53438402513082,17,3.2188235294117673,2.745610148310423,0.3603793466807168,19,3.178947368421051,4.606315789473685,4.237884539951652,0.1599999999999966,0.0258166491043203,0.2676501580611169,call_4ac92327c83b,human,train
0.00819916371256113,0.0186638031154871,0.1928579895876342,0.13086113120759446,0.16294148564338684,0.16282235085964203,1338.1592416305716,674.9782681710673,937.0509309483808,438.22947549744896,2452.968556461602,1216.7939900815168,19.521797645836223,-512.6649780273438,160.03480529785156,14.113545417785645,21.060998916625977,0.02487815171480179,21.863494873046875,4.454261302947998,11.369908332824707,-6.737689018249512,19.56856918334961,0.48033779859542847,8.249771118164062,-9.078481674194336,13.714702606201172,-3.9329631328582764,8.942012786865234,-3.1508491039276123,9.330220222473145,0.9001466631889343,5.1862053871154785,-1.4898006916046143,5.37287712097168,-2.3037564754486084,6.798083305358887,-0.39898884296417236,4.826406002044678,194.14859299476814,95.78141625025505,0.21965317919075145,20.61066585631838,19,1.7210526315789505,1.7015222124131029,0.21096774193548426,19,4.363157894736846,2.8684210526315774,4.2023367724434575,0.0,0.008258064516129017,0.26245161290322505,call_488e7b893457,human,train
0.016413765028119087,0.03270573914051056,0.3969300387198465,0.14090202129204102,0.26150840520858765,0.15077348053455353,1776.947501136906,509.3218096423278,960.0427885504087,119.20456496852428,2921.6180098684213,668.3475559107292,17.03357170066041,-393.3935852050781,119.33116912841797,-7.316198825836182,49.195499420166016,-23.732919692993164,26.40037727355957,-3.9116451740264893,21.290674209594727,-13.927461624145508,12.386552810668945,0.9197437763214111,13.165818214416504,-3.83756160736084,15.11822509765625,0.24964481592178345,9.988330841064453,-4.256475448608398,9.025418281555176,-5.884006500244141,6.753501892089844,-4.1627960205078125,6.966428756713867,0.353765070438385,6.657369136810303,-5.1360907554626465,7.146892547607422,286.64893181256826,396.26030135465436,0.20350877192982456,26.770138997848587,14,2.0385714285714323,1.42749459414967,0.19561343385880772,27,2.9918518518518513,3.9484615384615367,3.3264310885665807,0.9399999999999977,0.012474297464016414,0.26319396847155563,call_47bef2f628eb,human,val
0.01884978637099266,0.03290403261780739,0.1212674195052593,0.12412525972819967,0.08539524674415588,0.13052061200141907,862.122227242467,703.1587735529189,696.395415230346,511.1916802670265,1675.3722786203523,1344.4917158969774,21.513079818122073,-455.74871826171875,180.65325927734375,33.65019989013672,43.85477066040039,0.6573716402053833,20.505245208740234,1.0632071495056152,14.677237510681152,-7.8265275955200195,17.848356246948242,-3.945822238922119,11.009498596191406,-8.68949031829834,14.757579803466797,-6.141020774841309,12.27284049987793,-5.3191752433776855,10.102981567382812,-1.8577187061309814,7.377107620239258,-0.0960799902677536,5.465085029602051,-1.2894915342330933,5.724225997924805,-3.2320878505706787,7.633220672607422,109.17488002177954,24.267844683287468,0.23581213307240703,9.774274614459602,14,3.107142857142857,3.353101823198141,0.33267054144998476,14,4.8342857142857145,3.7771428571428567,4.465069873987622,0.8999999999999915,0.031355154481492876,0.18109513612725603,call_4c278007298d,human,train
0.015168873593211174,0.029100723564624786,0.28361375337945294,0.08158572605201998,0.263007789850235,0.1670406013727188,1582.092201103445,360.28107176737484,1131.2069508050547,187.34041156814553,2927.7658502968616,698.1005863064036,17.049430860108412,-471.2033996582031,160.92269897460938,26.36272430419922,26.759077072143555,8.917499542236328,24.564546585083008,6.481642246246338,17.371675491333008,-3.6398894786834717,22.618797302246094,0.03150615096092224,10.788718223571777,-5.836474418640137,13.104860305786133,-6.201345920562744,11.685776710510254,-3.6763994693756104,9.123343467712402,-2.707240581512451,7.603141784667969,-3.4754467010498047,6.447638034820557,-2.154989242553711,6.517002582550049,-2.2024548053741455,5.882389068603516,142.87203654001215,119.25790721963233,0.7540288379983037,18.661752438765596,17,2.674117647058823,2.506741636710491,0.3012591119946984,20,4.094999999999997,2.8115789473684227,2.34281266667562,0.44000000000000483,0.045990722332670625,0.20198807157057708,call_4baef170cf46,human,train
0.06802334636449814,0.09092573821544647,0.15992425785933753,0.044815936032066475,0.026133470237255096,0.01575099118053913,945.0670197850787,179.56213917418293,782.6789217858282,110.67896480797094,1806.412292041367,351.4446096969977,21.762909393853004,-184.76710510253906,95.33708953857422,82.23666381835938,18.535903930664062,-20.877103805541992,24.648807525634766,15.731698036193848,15.35846996307373,-35.00151824951172,14.685406684875488,-15.356705665588379,13.03424072265625,-18.581937789916992,11.561057090759277,1.94075608253479,12.594999313354492,-10.649127960205078,10.343438148498535,-3.975039482116699,9.61303997039795,-8.509273529052734,8.980903625488281,-9.723278999328613,8.517252922058105,-12.223286628723145,7.902107238769531,129.4944128200056,30.245565514626424,0.2802757793764988,8.994408625717655,42,1.4223809523809536,2.0910612588369144,0.2798126463700236,16,4.497499999999999,4.246250000000001,2.9369092491086617,0.5,0.026885245901639345,0.41002341920374696,call_4b1bec58d02d,synthetic,train
0.03432885929942131,0.07835926860570908,0.08943247005639486,0.0718247212492838,0.08503993600606918,0.09158852696418762,995.9729001929865,540.2273558739506,868.4554284605028,441.85719321341423,2056.946204987583,1148.4982096773447,19.910992642644597,-439.49224853515625,153.50363159179688,22.710758209228516,38.0727424621582,1.4302973747253418,12.49710464477539,-1.9773476123809814,13.519804000854492,-4.593413829803467,12.355254173278809,-2.3710732460021973,8.805306434631348,-4.89094877243042,11.4230318069458,-2.1439692974090576,6.96451997756958,-2.119485378265381,6.735410213470459,-0.7174463272094727,4.509324550628662,-0.1134752705693245,4.399744510650635,-0.38815581798553467,4.147765159606934,-0.9013135433197021,4.878593444824219,120.25859281858986,42.395584947434656,0.38162251655629137,12.73515868865164,16,1.8612499999999992,1.244818636388451,0.19260121588410287,22,3.5045454545454575,6.385714285714284,5.38889914672797,1.6399999999999935,0.006338119260121522,0.3150950717889014,call_4c8c40f7c2fd,human,train
0.023766690865159035,0.040230125188827515,0.16125964691298783,0.11371325686113129,0.1202457994222641,0.14072078466415405,1201.9868729529214,638.453161386801,921.3751607791531,447.8321035572382,2307.474108285349,1218.3697482015314,20.285156242065757,-439.1189270019531,195.33384704589844,21.214675903320312,27.7241153717041,2.6127851009368896,25.02011489868164,2.8413310050964355,15.718778610229492,-12.595301628112793,24.321128845214844,-6.1528191566467285,11.891229629516602,-11.67464828491211,17.202695846557617,-2.576319456100464,8.4698486328125,-9.120670318603516,13.580995559692383,1.3516427278518677,6.430255889892578,-3.171825885772705,7.457101821899414,-0.843263566493988,6.113564968109131,-0.6525622606277466,5.16443395614624,129.4321552205247,41.39182792082112,0.2866282789507358,13.724674154147754,13,2.5476923076923077,2.1640210216743565,0.33126625325065007,16,2.8562499999999997,5.3771428571428554,4.776937794641829,0.7999999999999972,0.030806161232246377,0.24244848969793964,call_4e60206f7e8a,human,train
0.046804267913103104,0.07262042164802551,0.19123956853693183,0.03611708185450649,0.12565124034881592,0.07379300147294998,1560.468727707192,420.2868153755884,1074.7405622487079,227.9528925109044,2844.7389914772725,760.3249192870404,18.43449236697344,-381.4458312988281,221.69886779785156,25.47173500061035,38.59422302246094,-7.3286261558532715,20.21135711669922,5.169806480407715,17.530595779418945,-14.722064971923828,25.851530075073242,-1.2163256406784058,9.327857971191406,-10.325139045715332,18.370010375976562,0.1149013340473175,8.767416954040527,-4.269618034362793,9.709734916687012,0.11857113987207413,6.214819431304932,-0.7528920769691467,6.190083026885986,-2.750181198120117,7.389254093170166,-2.7911083698272705,7.176577568054199,112.08496855847578,36.251417318835934,0.05954545454545455,15.55628207401511,13,3.347692307692306,2.387010211850651,0.3092226801193689,17,4.264705882352941,6.767058823529413,6.938638419328885,0.7800000000000011,0.032258064516128976,0.20790109421628544,call_4cd5b14fbe3c,synthetic,train
0.014146417379379272,0.031011424958705902,0.09838331530351048,0.11837857653673582,0.06157919764518738,0.11731863021850586,750.1784420142371,765.5522732666536,556.1794866056449,522.8345604679864,1372.5812103851779,1386.8315827448178,21.78471776136124,-492.7908935546875,138.89549255371094,20.828697204589844,39.37944412231445,-1.4382942914962769,21.25824737548828,-2.0133938789367676,16.64956283569336,-7.205371379852295,19.769855499267578,-3.59673810005188,11.874679565429688,-2.4273014068603516,12.641837120056152,-1.2115591764450073,8.399723052978516,-2.8296890258789062,8.98055648803711,1.1031322479248047,6.156369209289551,-2.4548137187957764,7.927261829376221,-0.6442984342575073,5.628693580627441,-1.492358922958374,6.035493850708008,283.9768375590685,387.93774137225324,0.22525597269624573,37.716060029558165,22,1.3445454545454545,1.3221185728447973,0.22545731707317074,16,4.907499999999997,2.468333333333335,3.28172168567388,0.0799999999999983,0.030030487804877968,0.20609756097560983,call_51851f91f064,human,train
0.04132961854338646,0.07438624650239944,0.17851988087218837,0.05354247303878513,0.13199178874492645,0.07668041437864304,1570.9436606130878,456.61301085368916,1126.7886905130931,171.28612081418387,2947.972191307404,693.4503062813229,18.245486056059363,-423.3228759765625,186.2959747314453,20.54738998413086,35.18121337890625,4.745951175689697,16.571340560913086,8.60251235961914,16.422168731689453,-8.552632331848145,17.77401351928711,1.112743854522705,6.557380199432373,-5.3027472496032715,12.349428176879883,1.164798378944397,6.316201210021973,-2.8249807357788086,8.878694534301758,0.24008408188819885,5.613577365875244,-1.7586290836334229,6.499261856079102,-1.354590892791748,5.91287899017334,-2.304025411605835,7.189672470092773,125.24587338365872,29.18277709785792,0.27507029053420806,8.795797572683291,13,2.610769230769228,2.3777120920959747,0.24860826252563697,20,3.2220000000000013,5.530000000000001,3.2215865656536384,2.260000000000005,0.008350424846176336,0.2877234104893056,call_4e9cec0da4ea,synthetic,train
0.025802994146943092,0.05703044682741165,0.19619923034124628,0.03291605716261271,0.14506353437900543,0.060057125985622406,1668.0736454098696,359.7588040769499,1131.6203769714136,195.07681491634844,3039.012823230182,639.827664282229,17.513682979386356,-466.65997314453125,194.3549041748047,15.676776885986328,30.86815643310547,-2.915259599685669,15.822883605957031,3.9131157398223877,11.827474594116211,-8.269570350646973,21.58441925048828,-0.14733946323394775,7.206754207611084,-5.634439945220947,15.855717658996582,1.100520372390747,6.651875019073486,-2.068878412246704,8.378324508666992,1.1424190998077393,5.341825485229492,0.15423542261123657,4.843447208404541,-0.821919858455658,5.820528984069824,-1.1852467060089111,5.930794715881348,106.31249045987032,36.30867967097148,0.06104281475201356,19.4175679319085,9,3.106666666666665,2.121802169016813,0.18521462639109687,22,3.556363636363635,4.881176470588236,3.1257900316238953,0.37999999999999545,0.007816640169581272,0.3043190249072605,call_4d8129939686,synthetic,train
0.01653600111603737,0.030029142275452614,0.20482504111842106,0.07888123844917694,0.17233814299106598,0.16906414926052094,1261.1377562763903,421.93262984906096,987.6231598896669,238.9859653616259,2412.751644736842,809.6909926919989,17.825781428865568,-435.19451904296875,133.69725036621094,50.03334045410156,34.65717315673828,-1.968721866607666,33.388328552246094,0.9157974720001221,16.056293487548828,-8.327118873596191,24.5296630859375,-10.593239784240723,14.751644134521484,-7.53350305557251,14.395540237426758,-4.327775478363037,8.727005958557129,-9.333271026611328,10.483195304870605,-2.6315653324127197,7.929640293121338,-6.795412540435791,9.257393836975098,-4.113138198852539,7.7894511222839355,-4.138180732727051,7.418875694274902,173.89498875313635,125.65915040345408,0.5444210526315789,23.929667115217768,36,2.1155555555555567,2.9998337402489152,0.5012504936159012,25,3.387199999999999,2.3356521739130414,3.2263585963219406,0.09999999999999432,0.1734895353428987,0.11491378175595612,call_4f0dad5104b3,human,train
0.013255156576633453,0.03138168528676033,0.11883870918615984,0.11764653529785483,0.09552207589149475,0.1450379639863968,935.151974195296,749.5642155882433,733.1014975950743,532.2400704000604,1795.125182748538,1423.8803854679052,21.976479322477704,-478.371826171875,140.57327270507812,19.80675506591797,34.37439727783203,2.332592010498047,15.917189598083496,6.551961421966553,14.548262596130371,-5.730582237243652,17.612510681152344,-3.5352559089660645,12.044391632080078,-5.1160101890563965,13.673284530639648,-5.588625907897949,13.624120712280273,-1.9102712869644165,8.347269058227539,-2.3798019886016846,7.416851997375488,-0.9163862466812134,5.630428791046143,0.6685236096382141,4.958418846130371,-2.0428879261016846,7.223577499389648,166.93727016002495,289.9972058471929,0.2884990253411306,24.97131983405334,20,1.7210000000000025,1.3590507716785238,0.20969903740709184,22,4.35818181818182,2.993999999999997,2.6824175663009666,0.40000000000000213,0.021688802241988932,0.22785427074448616,call_5273f6be303c,human,train
0.02613900415599346,0.03463463857769966,0.09626106856836196,0.026793766604952234,0.013550808653235435,0.008269384503364563,704.8493109814531,188.78380378723585,703.3146841941584,111.7185310755259,1372.775965984148,389.31436081476477,19.88568066568756,-298.30926513671875,96.06646728515625,120.7669677734375,28.938840866088867,-18.07125473022461,15.388147354125977,22.57390785217285,10.708415031433105,-0.6819781064987183,21.859111785888672,6.947340488433838,8.626913070678711,-3.2295408248901367,15.301956176757812,0.4328937530517578,7.07257604598999,-5.3443145751953125,7.874094486236572,-0.8655389547348022,5.740367412567139,-3.4379501342773438,5.929623126983643,-3.365614414215088,5.466658592224121,-3.3989853858947754,5.0078864097595215,114.2892972932442,61.03273500634657,0.9885512989872303,9.516035363337727,11,3.3945454545454576,2.010772640447013,0.2569148204210818,18,3.9211111111111103,5.057647058823527,3.9786600307312483,1.7999999999999972,0.0116967111600385,0.2691619650474747,call_52ba7c3bd761,synthetic,train
0.015369057655334473,0.032565224915742874,0.09009028539623129,0.12061027003726241,0.059351883828639984,0.12293365597724915,644.9726799782509,735.4340150368477,502.8187523701395,525.537498077353,1209.0841991481673,1368.2683799651643,23.153831488483043,-502.7912292480469,155.25279235839844,22.150897979736328,35.91081619262695,0.9697048664093018,18.312103271484375,-3.8459787368774414,16.508472442626953,-6.775864124298096,19.679655075073242,-3.838754653930664,12.244359016418457,-2.5898373126983643,11.56347370147705,-0.6258657574653625,7.3158955574035645,-3.542266607284546,11.175995826721191,1.270479679107666,5.454095363616943,-2.894327163696289,8.291436195373535,0.12240090221166611,5.054746150970459,-1.7324117422103882,7.051681995391846,210.6831186220488,108.53920994218582,0.23593185338151781,23.902237254482827,15,1.9813333333333325,1.9615975348906016,0.23975475959987083,19,3.8210526315789477,2.3447058823529394,1.7199935623923943,0.6999999999999886,0.02968699580509846,0.20425943852855766,call_565b6523733e,human,train
0.04731505364179611,0.09740903973579407,0.18013692930248973,0.04744118293557287,0.13711042702198029,0.06895741820335388,1603.3933500331952,450.8116598248627,1124.4578850187936,198.68563165969428,2955.663661447639,753.2497512225168,17.943600768026432,-395.4895935058594,171.8654327392578,18.103479385375977,35.6412467956543,0.7597941160202026,13.690418243408203,5.462974548339844,14.156454086303711,-5.28987979888916,13.567861557006836,-0.21516375243663788,6.360882759094238,-4.9784746170043945,12.698456764221191,0.7415042519569397,6.67453670501709,-2.172710657119751,7.5099334716796875,0.5056099891662598,4.918058395385742,-0.9455375671386719,5.8366007804870605,-1.6629014015197754,6.098580360412598,-3.06782603263855,8.070172309875488,125.43610326299651,23.804913256822772,0.22073921971252566,8.935268445759387,11,2.27090909090909,1.5091807202190854,0.2004493660728614,19,3.186315789473685,5.889473684210526,5.307311217044902,2.0,0.015406836783822778,0.32916064837104786,call_54a09817b7e2,synthetic,train
0.03360528498888016,0.07313985377550125,0.1407043126561849,0.13010102518218566,0.11870191246271133,0.16454286873340607,941.0757396081544,740.963295507571,698.9421906543357,525.4699382231739,1768.2427243856725,1401.083842820462,23.01095320617787,-416.62908935546875,162.95175170898438,12.429818153381348,27.083675384521484,-5.838131427764893,24.64019775390625,-3.120807647705078,13.175420761108398,-5.61072301864624,17.148571014404297,0.3621584475040436,8.232939720153809,-6.386528491973877,14.188336372375488,-1.1264585256576538,6.593513488769531,-3.747185468673706,9.595123291015625,-0.7388067245483398,4.934802055358887,-3.4077093601226807,8.002269744873047,-1.3186383247375488,5.458406448364258,-2.0310914516448975,6.720067501068115,187.0121520629541,137.4643227953891,0.3256976259891712,22.47449235889526,23,1.6373913043478272,1.5893045167245043,0.24518229166666683,19,4.209473684210526,3.063333333333333,2.931850003742422,0.10000000000000853,0.018359375000000046,0.2524739583333333,call_568b5e814bc3,human,train
0.013157820329070091,0.02524687722325325,0.08772274925595239,0.09847704136876907,0.052728164941072464,0.09407301992177963,1018.6004623649369,680.3236736037597,838.3244986875596,506.4721953992196,2008.6923363095239,1333.57094362956,22.06149931093451,-490.7674865722656,152.55819702148438,24.538362503051758,34.05278396606445,6.173947334289551,26.558603286743164,-0.40198108553886414,14.544837951660156,-11.35717487335205,24.22144317626953,-3.7808268070220947,13.020825386047363,-3.2621850967407227,13.51801586151123,0.11925095319747925,8.127851486206055,-3.4751973152160645,9.86454963684082,-0.09187857806682587,6.133763790130615,-3.904573917388916,9.783693313598633,-2.44211745262146,7.979058265686035,-1.6105948686599731,6.808321952819824,233.5707036822573,97.49013835645505,0.2957142857142857,21.999295827183396,23,1.5939130434782616,2.1514115470110484,0.2728084536389345,13,5.121538461538463,4.506666666666665,3.0505882857063646,0.620000000000001,0.041821699657687166,0.2735526119958327,call_569ffb0869eb,human,val
0.03539614751935005,0.05692674592137337,0.10124613771101286,0.036453411469545886,0.016171032562851906,0.011987612582743168,696.0722758456282,204.74906029162986,691.5595950833593,113.48463858782199,1347.0596362540193,396.5924991002433,19.09884115331953,-270.15277099609375,111.85672760009766,122.21198272705078,26.71037483215332,-16.587726593017578,13.547938346862793,18.603139877319336,13.39636516571045,2.095158338546753,23.532943725585938,6.553796291351318,8.117501258850098,-1.1641794443130493,17.12288475036621,-0.5881210565567017,7.294122695922852,-3.6039724349975586,6.9160871505737305,-0.6027886271476746,6.880236625671387,-2.899811267852783,5.152754306793213,-3.931091547012329,4.62326717376709,-3.2939727306365967,4.851657867431641,80.85608880690909,21.28389425718376,0.8066720257234726,8.875535144722969,15,1.840000000000001,1.8281502491133867,0.17338861666038455,20,4.173000000000002,4.5873684210526315,2.9568276779172464,1.7199999999999989,0.0066591280311596186,0.3089584118607861,call_56f58de34ea0,synthetic,train
0.02278777025640011,0.03633223846554756,0.18681830617704281,0.061008547489831734,0.11876931041479111,0.08919510245323181,1522.0278437699867,457.5715058233708,1075.184264510097,237.0962996931335,2809.198686770428,798.3214330302117,19.140734980146362,-460.0281982421875,192.16432189941406,24.211952209472656,34.228919982910156,-5.157440662384033,22.17878532409668,7.537224769592285,14.36546516418457,-12.738161087036133,25.29720115661621,-2.1807851791381836,9.89332389831543,-9.745403289794922,18.80010223388672,-1.607153058052063,9.569659233093262,-6.20168924331665,12.952717781066895,-1.6703416109085083,7.716326713562012,-2.5232362747192383,7.933597087860107,-2.0008254051208496,7.476142883300781,-2.2717134952545166,7.419537544250488,172.56995444320847,51.42771714571923,0.3743190661478599,13.397576087821268,25,1.9487999999999994,1.6172676216384225,0.29624224735497984,20,3.2619999999999996,9.526999999999994,7.616467094394875,2.4399999999999977,0.013741943329684973,0.32080749118326657,call_52bfee0220ab,synthetic,train
0.057699766010046005,0.10518026351928711,0.1757056574560928,0.049505353467317825,0.12826357781887054,0.07297395914793015,1561.1292487316741,464.76835432462804,1112.229568892726,199.43994961676245,2904.8406331309625,761.3029141661597,18.373642208959506,-382.03240966796875,190.65228271484375,21.08623504638672,36.428775787353516,1.3190102577209473,14.567285537719727,7.595381259918213,16.129596710205078,-8.309491157531738,17.91707420349121,0.13507141172885895,7.5413923263549805,-4.583372592926025,11.083782196044922,2.1419997215270996,8.40079116821289,-2.6644725799560547,8.694578170776367,0.6123501062393188,5.891727924346924,-0.8822520971298218,6.345340251922607,-2.4664876461029053,7.8897528648376465,-3.235868453979492,8.04830265045166,118.26222702358557,25.50519131525511,0.3048568950563747,8.11958815648524,8,4.725,2.588315089010606,0.25616698292220114,17,4.518823529411764,9.847058823529418,8.574797383787587,2.0199999999999996,0.003523990241257863,0.22675521821631905,call_578504f9f39e,synthetic,train
0.011877383105456829,0.026266803964972496,0.08132044900370991,0.10924140643656777,0.052786629647016525,0.11698745936155319,590.7858888092504,716.5625072499785,460.2194418988329,519.6521287699809,1087.6035932264242,1343.5508474931198,23.373678969097384,-507.4311828613281,136.08334350585938,23.077030181884766,39.36343765258789,-2.304868221282959,21.80559730529785,-5.375257968902588,16.691125869750977,-4.791354179382324,16.27897071838379,-3.8229575157165527,11.92271614074707,-3.439409017562866,12.623420715332031,-0.20033788681030273,6.351058483123779,-1.998484492301941,8.777518272399902,0.26865294575691223,5.12847375869751,-1.9325529336929321,7.168057441711426,-0.07129698246717453,4.753434658050537,-1.3180007934570312,6.212953090667725,204.17889544202927,83.35986121262381,0.19339396840593587,19.999561856437573,19,1.5315789473684216,1.41879586884496,0.21774917689314588,21,3.6371428571428575,2.8944444444444453,2.7506831923526494,0.8399999999999999,0.03277461837773122,0.2434899730619573,call_58ed2170e352,human,val
0.011990824714303017,0.026939349249005318,0.12887068940619223,0.03553868841215512,0.10990558564662933,0.06791425496339798,1077.1918079879613,193.24843248768147,1039.0664605133832,140.5960251179226,2374.3732670979666,536.2088244048746,16.640101524741596,-458.65185546875,120.3179931640625,73.11976623535156,20.727205276489258,17.23579216003418,16.305742263793945,-1.1211081743240356,13.473674774169922,-6.676954746246338,15.888657569885254,-4.047316074371338,9.3950834274292,-11.098312377929688,9.163361549377441,-4.832900047302246,6.125991344451904,-5.100200653076172,6.038942337036133,0.27878737449645996,6.318108081817627,-4.109163284301758,5.326405048370361,-1.7570950984954834,5.925971508026123,-3.7504076957702637,5.687284469604492,109.83165508376955,57.646489263811574,0.7711645101663586,13.431484323777426,23,1.4791304347826115,1.290021614390806,0.19655650566212193,21,4.722857142857141,4.676842105263159,3.9913288284949067,0.7400000000000091,0.03408828287497139,0.264501964409522,call_57f113803718,human,train
0.012693106196820736,0.02715679258108139,0.21182601958455166,0.08207734859253545,0.18258392810821533,0.17583300173282623,1269.993202173452,427.55470972624704,990.5870000831139,251.8952318553534,2402.0696271929824,875.369370399349,17.53416591472477,-460.7582702636719,118.12110900878906,49.7793083190918,38.65452575683594,-1.0689420700073242,26.944786071777344,-2.0432872772216797,16.13949203491211,-8.198533058166504,19.619943618774414,-10.797959327697754,14.587776184082031,-6.731190204620361,13.160262107849121,-4.155346870422363,8.629722595214844,-6.629871368408203,10.15606689453125,-2.0216314792633057,6.885022163391113,-3.309659719467163,7.632866382598877,-4.163551330566406,8.174424171447754,-3.404426336288452,7.73269510269165,178.76643100141945,115.29814248824572,0.5906432748538012,29.448356377548507,21,1.3790476190476184,1.5924043060488449,0.44119439366240076,11,3.7618181818181835,1.4511111111111117,0.9996937802752336,0.5800000000000001,0.17123705057891522,0.09963436928701996,call_5c9d19646f57,human,train
0.035897232592105865,0.04819675534963608,0.09400264089356544,0.02880380716381782,0.016233673319220543,0.010350744239985943,703.4571500617578,187.53362775374552,720.8819636882175,121.31300534745654,1384.659748237109,404.9822315837624,19.599794298779575,-290.01580810546875,128.72003173828125,117.96806335449219,26.6352481842041,-11.74534797668457,16.19471549987793,20.09160041809082,14.616629600524902,-0.23467616736888885,22.39075469970703,4.322127819061279,9.922499656677246,-4.59365701675415,17.988845825195312,-0.573612630367279,8.93046760559082,-6.486605167388916,10.023951530456543,-1.1622899770736694,6.549531936645508,-3.1912176609039307,6.263007164001465,-3.861919403076172,5.672625541687012,-4.195348739624023,6.535768985748291,94.00734821005268,29.313357651356178,0.9369766416923755,9.062794807539975,21,2.0333333333333328,1.6756330241869868,0.294158170294847,14,4.188571428571429,6.0120000000000005,3.3227964126620835,3.6000000000000014,0.007853403141361261,0.3097271975750895,call_5a7a7e3c9588,synthetic,train
0.032872021198272705,0.05676615238189697,0.0978024680837878,0.03396474950284018,0.01590287685394287,0.012487183324992657,683.0152133667829,193.71847944644784,689.0731090079861,108.81976369796442,1322.0845469757064,373.58619232478554,19.130706271068505,-288.8216552734375,117.89359283447266,121.95756530761719,25.9820499420166,-15.93416690826416,12.901517868041992,17.406614303588867,11.840617179870605,3.383737564086914,23.148473739624023,5.40898323059082,8.075591087341309,-0.4652346074581146,17.128889083862305,-0.5182575583457947,7.229447841644287,-2.96978759765625,6.746675491333008,-0.846714973449707,5.885239601135254,-2.7814667224884033,4.94781494140625,-4.043696403503418,4.825827121734619,-3.5250062942504883,4.713479995727539,80.63704437468245,19.743368387797233,0.8230044620723848,8.978465190371063,9,2.4466666666666663,1.6305418322345087,0.17064476131432113,16,4.338749999999998,4.590000000000001,2.3771201063471734,2.4399999999999977,0.0,0.2913825170489772,call_5d86f0ca06aa,synthetic,train
0.018494250252842903,0.043251652270555496,0.18159576751373627,0.04004686403139795,0.13446135818958282,0.06939771771430969,1596.0605498157122,442.7270451964153,1103.6685039986314,229.78865352395871,2902.9859203296705,824.8055609726425,17.879733598221335,-436.4098815917969,122.97095489501953,19.86376953125,37.41400909423828,-2.0592799186706543,14.120326042175293,-4.465259075164795,12.948906898498535,-8.62157154083252,21.333314895629883,0.4055841565132141,6.313086986541748,-1.7189065217971802,8.449715614318848,0.9904861450195312,4.562770843505859,-4.125643730163574,10.678607940673828,-1.2214398384094238,5.514452934265137,-4.115321636199951,9.853645324707031,-1.809546709060669,5.724730968475342,-2.719191789627075,7.4379048347473145,189.1866535622706,72.09029774116482,0.24703296703296704,19.59828742715924,10,3.16,1.8141885238309732,0.2171224405661674,20,3.115000000000001,5.144999999999999,2.459974593364735,0.0,0.005496770647244725,0.36031331592689264,call_5823cd70919d,synthetic,train
0.03970171511173248,0.08092502504587173,0.27755003852454463,0.09723577716075327,0.2561613917350769,0.17004108428955078,1593.9550520101816,360.8667555594634,1087.910681631031,166.07482163575747,2898.98586739227,621.1946569408622,16.837188549265182,-405.76080322265625,169.48646545410156,18.1075382232666,31.629350662231445,0.07624956220388412,17.543277740478516,-6.760367393493652,15.259324073791504,-13.091021537780762,23.49730682373047,-3.936739444732666,8.756143569946289,-7.605229377746582,14.340540885925293,-0.46513625979423523,5.878281593322754,-4.290872097015381,9.793998718261719,0.4870487153530121,5.528655529022217,-3.122663736343384,8.294709205627441,-0.13614799082279205,4.195518970489502,-2.5904293060302734,6.084390163421631,215.9599668000651,98.00421451836561,0.19147045757441136,24.910761318313472,17,2.084705882352941,1.4784814055090392,0.2460086075246425,17,4.67764705882353,3.5149999999999983,3.6360383661342164,0.7000000000000028,0.011245314452311594,0.2132444814660558,call_5a6307557d57,human,train
0.047426607459783554,0.05566372349858284,0.16733275068567155,0.0452095464261941,0.029219038784503937,0.01792522519826889,957.4210615998919,198.44907244144693,775.6701200875247,127.70517495397213,1804.8121675531916,383.46351552194136,21.19727605410898,-198.16476440429688,97.4583740234375,85.79287719726562,21.51810073852539,-26.263355255126953,24.693819046020508,19.15891456604004,16.37677574157715,-37.24287414550781,15.510528564453125,-11.95627498626709,12.844261169433594,-19.705829620361328,12.149518013000488,4.285561561584473,11.855666160583496,-11.838518142700195,10.660937309265137,-2.921264410018921,9.439237594604492,-10.078350067138672,8.904206275939941,-6.744536876678467,8.613763809204102,-12.73716926574707,7.907878875732422,122.86668516443969,34.55124051947546,0.20412234042553193,12.089087916108936,24,1.038333333333333,0.8087833798709979,0.25893599334995837,5,2.48,2.8040000000000007,1.3536557908124205,1.0799999999999996,0.015378221113881948,0.6275976724854531,call_5e4539a471f6,synthetic,val
0.01790796034038067,0.03318849951028824,0.08724312160326086,0.10706584258459133,0.038370635360479355,0.07844197750091553,733.9694098131944,684.3086353934036,678.0204790056345,518.2231307403232,1473.7244350686499,1323.235471974439,22.58962241856571,-488.06976318359375,165.94435119628906,34.01333999633789,44.95962142944336,14.67163372039795,24.19913101196289,6.640353679656982,16.835208892822266,-4.135951042175293,17.9444580078125,-4.1246867179870605,11.747602462768555,-4.4941182136535645,11.393925666809082,-3.427178382873535,9.42914867401123,-3.426344156265259,8.287713050842285,-1.1020742654800415,6.476676940917969,-2.2381699085235596,6.5517578125,-2.1212010383605957,6.955235958099365,-2.5144121646881104,6.617014408111572,149.0184198386092,57.28355208025825,0.2745995423340961,14.8154595973443,30,1.271333333333333,1.4388577259602688,0.3410228898426322,15,3.7800000000000016,1.7485714285714273,0.8525495975757261,0.3999999999999915,0.11069384835479264,0.2626967095851217,call_5f7a4b3e8ca9,human,train
0.04413657635450363,0.07842545211315155,0.1839095247005988,0.04621346897294324,0.12515269219875336,0.08345139026641846,1552.6220722468668,433.73982037542737,1080.8910294132652,217.5911938830811,2872.134636976048,720.4847083081238,18.574907388636646,-386.5411682128906,155.83692932128906,19.391437530517578,31.018394470214844,-6.031622409820557,22.958541870117188,1.6881072521209717,8.597084999084473,-16.832569122314453,29.27939224243164,-3.700040340423584,10.137544631958008,-8.074793815612793,15.55893611907959,-2.556976318359375,7.3207831382751465,-7.132815837860107,12.890432357788086,-4.029616832733154,8.299783706665039,-4.417208671569824,8.550271034240723,-4.287465572357178,8.443642616271973,-2.2636005878448486,6.0083723068237305,228.9749118825036,68.72316813384776,0.3361847733105218,17.126460191236266,12,3.6799999999999997,2.729774105428262,0.29522663457681503,19,3.414736842105262,7.347368421052633,6.213940898966204,2.239999999999995,0.00615055488701698,0.2771760930605698,call_58a0f7394bc3,synthetic,train
0.011384010314941406,0.0329713337123394,0.07928697640885023,0.12155718624456184,0.05917676165699959,0.11564676463603973,626.0715890061088,782.8557712843585,493.0000592156636,573.1792705543203,1210.496643343419,1482.6917094820387,25.569914218783985,-486.5110168457031,127.63715362548828,8.303794860839844,22.894792556762695,4.815232753753662,14.027613639831543,3.839111566543579,12.090611457824707,-1.5043959617614746,10.223583221435547,-0.8059656620025635,7.9174699783325195,-1.3161152601242065,8.12067699432373,-2.247251033782959,9.558805465698242,-1.9302716255187988,8.052055358886719,0.09754989296197891,4.453343391418457,0.6044669151306152,4.25137186050415,-0.7661258578300476,5.377989768981934,-0.2964876890182495,4.781732559204102,112.26382406638406,27.637979468590014,0.12375189107413011,9.990446276235236,19,1.475789473684209,1.0274050899409461,0.13258937015320585,29,4.79103448275862,5.7637037037037055,6.804434364685991,0.960000000000008,0.0117268772460753,0.22214866654057142,call_60ffdefc5f5a,human,train
0.014153767377138138,0.02282216027379036,0.14071812756058227,0.12433875352433041,0.08948642760515213,0.13696517050266266,832.1733528599678,630.7646271535501,643.2096378735143,461.1061337610818,1568.6031751220362,1203.5524141154724,22.165281091922292,-444.22894287109375,186.06719970703125,34.94639587402344,32.87887954711914,-13.192708015441895,22.857152938842773,-4.050640106201172,16.127931594848633,-21.341020584106445,28.001941680908203,-4.421112060546875,11.53987979888916,-12.089944839477539,18.42696762084961,-7.644752025604248,12.694388389587402,-9.39622974395752,13.799690246582031,-2.824331521987915,7.862934112548828,-5.305985450744629,9.411741256713867,-1.5100070238113403,6.526051998138428,-6.108525276184082,10.072629928588867,125.19556767063112,73.53365162109186,0.14435146443514643,16.968821994425408,24,3.3874999999999993,3.8790669518154335,0.443003487358326,29,2.8337931034482775,2.543571428571428,2.813686212433934,0.12000000000000455,0.05743243243243258,0.1666303400174367,call_624a4731ab56,human,train
0.025679590180516243,0.06409095972776413,0.2030401703950811,0.08482124053635484,0.2706906199455261,0.1606089323759079,1345.578738500961,490.06921432296804,1045.52541427953,330.36900430275665,2631.2957875457873,982.3180158668716,16.895618775380765,-463.642333984375,151.15997314453125,24.403335571289062,36.161441802978516,4.612390041351318,13.929952621459961,3.9972946643829346,9.872767448425293,-1.2917474508285522,11.259597778320312,-4.372759819030762,12.128622055053711,-5.483220100402832,11.534449577331543,-4.982390403747559,10.252984046936035,-2.74143648147583,5.35971212387085,-2.4331765174865723,4.927337646484375,-1.3769559860229492,4.087148189544678,-0.7202923893928528,3.756462812423706,-1.6246867179870605,4.396939277648926,101.62572754985086,39.222982930148454,0.6855049712192569,14.074401265770662,11,1.8290909090909075,1.0436078551696997,0.1645673155570095,19,3.5157894736842095,3.370588235294118,2.818127184931479,1.0399999999999991,0.009324390642892198,0.2983805005725504,call_63a156c6b8d9,human,train
0.02729027159512043,0.05910666286945343,0.19312196506892232,0.031987608502887566,0.13944359123706818,0.0685611143708229,1659.7029796347995,362.4261029702033,1133.220139444999,185.99609327759737,3031.8537228487885,640.9066363644894,17.843167594854453,-444.86810302734375,154.4914093017578,13.779009819030762,28.3187313079834,-1.9654178619384766,19.81641960144043,-0.4764149785041809,9.671354293823242,-10.41162109375,26.519437789916992,-2.656071424484253,9.766607284545898,-7.336254119873047,18.135986328125,0.8698722124099731,5.467123031616211,-3.9496569633483887,11.045419692993164,0.05186465010046959,4.671682834625244,-3.0439445972442627,8.475831031799316,-1.7638299465179443,6.465887546539307,-2.439608335494995,7.287715911865234,203.136056579674,67.08889584009236,0.22807017543859648,14.62038496832391,13,2.3476923076923084,1.6860429497502047,0.19924272098185147,26,3.1746153846153815,3.0399999999999987,1.835903367955566,1.039999999999992,0.015145580362971669,0.27705966836401674,call_6058d9c5c82f,synthetic,val
0.023252224549651146,0.05767308920621872,0.27564045433859224,0.1453427751327331,0.20933935046195984,0.140406996011734,1459.1626721457808,394.118013186235,1000.9380022216527,168.0443947198623,2635.378109830097,533.5721271394826,16.83453888745983,-404.6433410644531,135.00413513183594,29.79087257385254,30.08839988708496,-6.132072925567627,26.74507713317871,0.03759659081697464,15.838754653930664,-12.620339393615723,19.837770462036133,-7.657371520996094,10.51449203491211,-11.419519424438477,11.102354049682617,-5.3392462730407715,8.739692687988281,-7.435954570770264,8.539275169372559,-2.6387624740600586,7.026136875152588,-5.049601078033447,7.181484222412109,-3.138883590698242,6.91581392288208,-3.6590142250061035,6.098800182342529,270.5950191453495,437.2131080142029,0.2407766990291262,22.605648535958856,27,1.3681481481481474,0.9905966665752032,0.280315677644559,21,3.661904761904762,2.3970000000000002,2.5276730405651744,0.2200000000000002,0.10563059644862634,0.2417665806647441,call_65a7cdefc22d,human,train
0.016872551292181015,0.03333120420575142,0.1921510280322862,0.15570051347115138,0.11483772844076157,0.13983234763145447,1302.1045386574356,793.4540770752652,877.5461437431939,443.6136175728372,2276.1797147687607,1281.722859136183,19.911906907245086,-464.7844543457031,173.9862060546875,25.802186965942383,41.3896369934082,-7.6375956535339355,29.957027435302734,-3.4945662021636963,18.70838165283203,-0.526130199432373,19.24130630493164,-6.617430210113525,14.822876930236816,-3.9154703617095947,13.516779899597168,-6.604467391967773,13.702088356018066,-2.8612282276153564,9.549847602844238,-1.7771912813186646,8.492288589477539,-3.4069137573242188,8.406061172485352,0.807159423828125,7.312901020050049,-2.9293177127838135,8.327584266662598,136.0546005813072,70.69241005061224,0.2198952879581152,17.16235897915548,38,1.4552631578947375,1.4167303662828448,0.3771140207310422,28,2.8057142857142847,2.100714285714285,2.1865464102281535,0.0,0.1392525913802511,0.22640480087288595,call_64637c20ee66,human,val
0.005724321585148573,0.0119231678545475,0.09681017369090611,0.10746457708461189,0.08812985569238663,0.1294880509376526,1062.4455184293467,703.4859352082997,874.4922389644598,513.7768909290861,2077.4119747209456,1402.2324653426863,21.153656973697835,-572.3150024414062,133.3876190185547,27.21607780456543,37.56385803222656,13.280603408813477,19.479869842529297,-1.917371153831482,17.884023666381836,-5.987793922424316,20.31386947631836,-2.106783628463745,11.086003303527832,-3.4984874725341797,11.569951057434082,0.1420833170413971,5.394191265106201,-1.3978347778320312,7.39610481262207,1.5246676206588745,5.732901096343994,-1.3611276149749756,8.49494743347168,-0.48952391743659973,6.028935432434082,-3.13247013092041,7.276157855987549,175.1971206557089,90.56677490612442,0.3978988837820092,18.526083684856374,10,1.9540000000000006,1.4500220687975751,0.2005748306302608,11,4.712727272727274,3.3599999999999985,1.9346891797449586,1.5,0.003695339765961809,0.2709915828371995,call_6971b2685c1d,human,val
0.012358900159597397,0.021380286663770676,0.09705025641794626,0.10829255081827326,0.06539430469274521,0.11116933077573776,1066.221156635669,668.4780687615068,883.3822153591343,486.27113234605366,2122.332353646833,1308.6768187428816,21.040780853788675,-509.71630859375,159.40789794921875,25.771583557128906,34.786354064941406,8.303616523742676,20.92903709411621,2.226999282836914,10.752226829528809,-11.042826652526855,23.441740036010742,-5.374865531921387,14.61660099029541,-4.049170017242432,13.382426261901855,-0.7838609218597412,6.974368095397949,-1.969377875328064,8.404594421386719,0.3934645652770996,5.892030239105225,-3.0046305656433105,9.099745750427246,-0.6457818746566772,5.775771617889404,-3.1954145431518555,7.500101566314697,206.02329731303865,134.63939785103545,0.363915547024952,17.091680183155116,15,3.2746666666666644,2.930278409222501,0.2946610677864425,18,4.403333333333332,4.134117647058825,3.159782306022569,0.9399999999999977,0.0028794241151770313,0.2327534493101382,call_678ee1dd2242,human,val
0.050479114055633545,0.09748023748397827,0.18016393387131716,0.04909968212312124,0.13481386005878448,0.07367546856403351,1592.664327656288,444.31689207578415,1124.0876351758682,185.6369193229771,2953.6787803292896,713.9695467162128,18.16693204969284,-392.7186279296875,181.01002502441406,18.884550094604492,34.70511245727539,1.3380568027496338,13.552294731140137,7.59137487411499,16.323875427246094,-7.164376735687256,16.610794067382812,-0.6964597702026367,7.43060302734375,-4.48610258102417,11.261422157287598,1.330962896347046,7.854201793670654,-2.3221750259399414,7.81043004989624,0.6913049221038818,5.318750858306885,-0.5881847143173218,6.099023818969727,-1.758131742477417,6.383193016052246,-3.0572025775909424,7.883107662200928,120.23993109846703,24.679690910620444,0.26204506065857885,9.041157873750018,13,3.22923076923077,2.5693293394265098,0.2274352584245314,25,3.4823999999999997,7.4736,4.880012196706069,2.259999999999991,0.005200996857730945,0.3061003358977137,call_6756c4a91509,synthetic,train
0.05187997594475746,0.0932646170258522,0.0943274706702441,0.024395890535243134,0.011953749693930149,0.006637509912252426,680.9625785573003,165.028097322856,686.9054249318262,95.61048908318763,1333.744344486532,358.52976255750605,19.43554769802916,-270.2205810546875,97.62503814697266,101.50284576416016,19.057783126831055,-0.5272026658058167,17.90827751159668,6.75876522064209,8.6892671585083,3.9471020698547363,30.561973571777344,4.787508010864258,8.456766128540039,-0.40345141291618347,12.731104850769043,1.0557920932769775,5.809863567352295,-5.789788246154785,8.123746871948242,-2.8592371940612793,6.061014652252197,-4.250055313110352,5.793271064758301,-5.421886444091797,5.275533199310303,-3.1766278743743896,4.540360927581787,116.0393108079309,72.38617728947871,0.9814814814814815,10.0124927028663,11,3.0418181818181824,2.8462217960652114,0.22007366482504612,21,3.477142857142857,4.1726315789473665,2.38522831767188,0.7599999999999909,0.0027624309392265305,0.30242041568008415,call_6afd8cabf618,synthetic,train
0.015019042417407036,0.05462979897856712,0.18998171944220701,0.03892747810337028,0.16936823725700378,0.12015969306230545,1710.3894686611595,381.64775456118883,1148.6316312065178,226.67164498759598,3112.8391814337497,676.7827448951809,17.20985281855219,-464.8822937011719,102.26913452148438,6.68549108505249,21.811174392700195,-1.3216434717178345,10.182072639465332,0.022858772426843643,4.880465030670166,-4.338809490203857,17.45046615600586,-0.8395570516586304,6.238849639892578,-1.5664870738983154,8.329785346984863,0.2787010073661804,3.4299371242523193,-1.288954734802246,6.6959147453308105,-0.25861239433288574,3.8748927116394043,-0.4063462018966675,3.9822278022766113,-0.6625783443450928,4.3906073570251465,-0.020227869972586632,2.718648910522461,137.42255311109,74.59138017074362,0.2517116391461941,14.798315022478095,7,1.7142857142857117,0.8670287051246933,0.07553820974442894,21,3.2885714285714287,9.875294117647059,7.297756397887407,1.6600000000000001,0.004280498552184266,0.4940198917285661,call_68544c09a58b,synthetic,train
0.01163424551486969,0.024272283539175987,0.16970908158197406,0.1220597883276045,0.1291579008102417,0.1465243697166443,1318.67240007186,628.4471266790207,962.130922878208,413.46585561149146,2468.7516337306565,1149.1548421428781,19.63092815375042,-485.41937255859375,161.47593688964844,15.796456336975098,21.75185203552246,-3.6407251358032227,23.071298599243164,4.338383197784424,12.16186237335205,-7.870913982391357,20.9213809967041,-0.36114656925201416,8.807595252990723,-8.240630149841309,14.108389854431152,-3.3402600288391113,8.728985786437988,-4.699372291564941,10.34814739227295,0.6015146970748901,5.56455659866333,-1.2463773488998413,5.357673168182373,-2.8462483882904053,6.998615741729736,0.11232763528823853,4.3423309326171875,189.48158289740883,71.01019789642838,0.21329987452948557,15.350105891021848,17,2.2164705882352926,2.86786852840115,0.24627450980392138,26,3.322307692307692,4.636923076923081,4.207771901933162,0.2600000000000193,0.02313725490196074,0.21228758169934647,call_6b0cc9c966a1,human,train
0.041031111031770706,0.05776558816432953,0.16894588921013778,0.039091410109505044,0.0267030019313097,0.01637338288128376,962.9946716129624,168.71516879483562,767.4030124776643,103.20407972783576,1804.4183686023623,338.9670002096186,21.475111287500987,-220.4442596435547,77.85843658447266,82.49430084228516,18.341323852539062,-26.604551315307617,22.304399490356445,11.282919883728027,14.27871036529541,-39.970947265625,16.65732765197754,-16.921085357666016,11.840794563293457,-20.41015625,12.502092361450195,1.2119861841201782,11.643270492553711,-12.503933906555176,10.7935152053833,-5.774313926696777,8.781455993652344,-9.961288452148438,8.655913352966309,-9.67460823059082,8.356014251708984,-11.553542137145996,7.460366249084473,214.38517335414946,64.73388826515014,0.17795275590551182,15.119314144490184,34,1.1082352941176468,1.260439863904276,0.23187692307692304,10,4.728,1.5499999999999996,1.0402788087815684,0.14000000000000057,0.041846153846153776,0.5190153846153845,call_6b31fbd81fc3,synthetic,train
0.059771642088890076,0.08945634216070175,0.18183902697108256,0.05086073378368279,0.11730056256055832,0.07715683430433273,1515.4582600367105,467.17455723113915,1085.4629587918807,210.84438969177887,2822.1951464409294,767.4033954316309,18.710376641509935,-364.5699462890625,213.25820922851562,27.490001678466797,40.01383590698242,0.3471943140029907,22.287721633911133,11.667424201965332,21.584163665771484,-11.313088417053223,22.071908950805664,0.9554662108421326,9.891013145446777,-7.658881187438965,15.331267356872559,1.1847938299179077,8.787054061889648,-3.459449052810669,9.493046760559082,-0.4274568557739258,8.003888130187988,-1.8950175046920776,8.668604850769043,-2.2581026554107666,7.6380934715271,-3.9704983234405518,8.655132293701172,121.30808992331785,29.153794866757686,0.3084527928818586,10.12405800905267,8,5.534999999999996,3.9193972750921824,0.3420889987639058,16,3.8849999999999993,6.093750000000002,6.277693520513726,1.62,0.021631644004944245,0.19932014833127354,call_6c8d4490f8d7,synthetic,val
0.057444017380476,0.0979696735739708,0.20446008441091953,0.046932990086798916,0.12937043607234955,0.06864108145236969,1667.3859283019785,317.0945900161043,1129.2487093921202,171.43596964893857,3043.0046695402298,548.4854022439368,18.0971142915511,-369.08843994140625,204.63650512695312,10.976778030395508,22.070865631103516,-4.711505889892578,21.950111389160156,1.2702165842056274,9.879485130310059,-15.028687477111816,28.523103713989258,-1.0356943607330322,8.520940780639648,-9.897292137145996,18.91712188720703,1.5749831199645996,6.796308517456055,-8.228089332580566,15.507468223571777,1.1521028280258179,5.618950843811035,-4.8259358406066895,9.957063674926758,-0.7663492560386658,5.549792289733887,-3.2578649520874023,8.200104713439941,172.82923508890653,91.22521097745607,0.4202298850574713,18.59546250743887,8,4.842499999999999,3.48874529738128,0.2783445897399051,13,4.5938461538461555,8.235384615384616,6.13989302761315,2.8200000000000003,0.003736168989797356,0.2963069406523925,call_6b6499e4474f,synthetic,train
0.0633612871170044,0.0733242928981781,0.1618869120724163,0.041880528226650546,0.02380972169339657,0.016698690131306648,946.9501482805481,189.99390291449907,757.6015352242523,128.49943623375069,1785.5428948326055,388.74220071812897,21.749936872771446,-187.97967529296875,87.92426300048828,83.95600128173828,21.09542465209961,-28.563390731811523,21.984601974487305,12.271254539489746,14.952845573425293,-43.0023307800293,17.47017478942871,-15.530323028564453,11.887402534484863,-21.862756729125977,12.733386039733887,1.9666471481323242,11.675591468811035,-14.718327522277832,11.315794944763184,-4.918030261993408,9.055418014526367,-10.82863712310791,8.489423751831055,-9.560872077941895,8.647977828979492,-12.324331283569336,7.6566267013549805,224.12822797038768,61.716885867760304,0.2993692382338671,15.422213810881024,24,1.7283333333333326,2.2783028527588023,0.31452835911434623,14,2.8828571428571417,2.552857142857143,2.0386915571773283,0.03999999999999915,0.04185623293903539,0.42129208371246596,call_6dfa70c50ea5,synthetic,train
0.013309692032635212,0.0288667231798172,0.14473274997394747,0.13795155077209575,0.07384194433689117,0.10996904969215393,1064.2789957881116,770.2983868701525,778.577761080155,490.85289037408944,1947.486257294706,1343.2490442764115,21.285830298401986,-506.5151672363281,157.9636993408203,21.621471405029297,36.45683670043945,-0.4807125926017761,26.376121520996094,3.825080633163452,16.64244842529297,-6.909203052520752,20.137609481811523,-5.210694313049316,14.712697982788086,-4.721442222595215,13.844191551208496,-1.1218758821487427,9.75473690032959,-2.912235975265503,10.893393516540527,-1.277550220489502,8.275012016296387,-1.1839039325714111,8.245667457580566,0.04450228810310364,6.262962818145752,-0.5392345786094666,6.308308124542236,335.2507685673525,432.8467958173905,0.17674030846185912,52.911546605557355,43,1.1260465116279061,1.151706801219913,0.3154397394136806,26,3.4592307692307713,1.9333333333333302,2.1603060482770045,0.020000000000000018,0.11478827361563493,0.2134201954397391,call_6d88a2e95795,human,train
0.01990819163620472,0.031889162957668304,0.19941058841135653,0.05206583819903865,0.13113228976726532,0.09070972353219986,1560.717138045414,427.8617655697895,1085.05731686917,210.71246058501546,2856.4995235535575,748.0292013551195,18.65268895474225,-462.0770263671875,186.85462951660156,23.853303909301758,34.94847869873047,-7.208260536193848,22.43730354309082,6.0968194007873535,14.218714714050293,-11.441898345947266,24.29794692993164,-2.11513090133667,9.295671463012695,-9.951741218566895,19.189016342163086,-2.0735270977020264,9.238773345947266,-5.750098705291748,12.218571662902832,-1.935930609703064,7.85045862197876,-3.0240674018859863,8.334426879882812,-1.5169007778167725,6.804364204406738,-2.60779070854187,7.573355197906494,180.82056049504254,54.97408640765071,0.3256450351837373,15.737097592235605,25,1.8504000000000012,1.2976794057085133,0.2826246334310852,26,2.5992307692307697,3.852727272727273,2.4668901693099388,1.4000000000000057,0.02113880742912993,0.3256353861192566,call_70101b573bb2,synthetic,train
0.02224607579410076,0.03938892111182213,0.2799568782716169,0.07860434639224667,0.25355008244514465,0.16436167061328888,1555.3671007300802,380.58578307564846,1119.0778357722688,210.85709638755478,2905.5108569212875,716.815211000918,17.24630635010668,-443.81170654296875,166.80307006835938,24.315776824951172,29.86004638671875,2.464296340942383,22.480031967163086,5.814845561981201,14.245779991149902,-9.269440650939941,26.072952270507812,-0.41139957308769226,10.540642738342285,-4.759358882904053,13.273964881896973,-5.451016426086426,11.746930122375488,-3.0902109146118164,8.200711250305176,-2.484428882598877,7.02634334564209,-1.1208159923553467,5.607619285583496,-3.2645256519317627,6.816629409790039,-1.5023863315582275,4.831943035125732,132.3552707338171,72.9172530064537,0.749127568825126,15.045867196505084,16,3.077499999999999,3.1227942215266116,0.2983519146873484,18,4.778888888888888,3.022352941176471,2.9709090100541222,0.6799999999999997,0.0167232186136694,0.19716432380029092,call_6e83cb807322,human,train
0.030347224324941635,0.035125523805618286,0.09909591703519006,0.028027802560669363,0.013889007270336151,0.007999956607818604,727.657520649597,202.1682655331094,709.7130610147872,122.82037345863296,1421.07669599172,418.66284442491207,20.26113768749055,-277.2348937988281,97.30316925048828,117.63477325439453,29.394649505615234,-17.778886795043945,17.370328903198242,23.41242790222168,12.96714973449707,-3.9600112438201904,24.013919830322266,7.410979747772217,9.037230491638184,-4.44294548034668,15.973126411437988,0.12399830669164658,8.230716705322266,-5.837890625,8.60405445098877,-0.886690616607666,6.220096111297607,-3.501255512237549,6.425364017486572,-3.577670097351074,5.587358474731445,-3.3292582035064697,5.2414984703063965,118.98413444368036,60.917258405983915,0.9823108769288671,10.575061751853665,26,2.08923076923077,1.4944021780707115,0.319529411764706,18,3.521111111111111,5.444444444444439,3.2623342396753308,2.719999999999999,0.020588235294117813,0.3282352941176472,call_70de89818ee5,synthetic,train
0.01972418837249279,0.036456815898418427,0.19473779728982302,0.046519297411030926,0.1310291290283203,0.07574664056301117,1591.4078421178133,434.40955684531207,1097.4519238976725,232.01540726870635,2916.2822969342606,757.9430127030711,18.571236985481463,-470.6958312988281,173.12490844726562,18.252290725708008,32.07775115966797,-4.908322811126709,21.485429763793945,5.1334710121154785,13.680115699768066,-10.168778419494629,24.026201248168945,-1.9589402675628662,9.125960350036621,-7.996596813201904,18.191635131835938,-1.5850582122802734,8.155034065246582,-4.706128120422363,11.933844566345215,-0.9350118041038513,6.731722831726074,-2.1842055320739746,8.326364517211914,-1.2510552406311035,6.256293773651123,-1.8592860698699951,6.9287567138671875,183.4056147027697,60.17993147840517,0.27939317319848295,17.117265366982448,12,2.001666666666669,1.7044541322338025,0.2372580007902018,18,2.5655555555555556,3.1749999999999985,1.9480438906759783,1.6400000000000006,0.020545239035954153,0.32714342157250065,call_71fec5a6b017,synthetic,train
0.051484934985637665,0.08838160336017609,0.18574896414188352,0.051912486799632764,0.1287664920091629,0.09314936399459839,1557.4434731468896,464.1467833302244,1099.653712270875,231.82667896097303,2883.0617836121437,782.5935750314683,18.225310698277728,-390.324462890625,198.78973388671875,20.467348098754883,35.37510299682617,1.809403419494629,22.20780372619629,10.033659934997559,19.424833297729492,-8.332186698913574,20.225284576416016,2.2249462604522705,9.921117782592773,-5.852611064910889,14.999884605407715,2.0904057025909424,7.024299621582031,-3.452627658843994,10.214752197265625,-0.4200252890586853,7.095607280731201,-1.6943271160125732,7.005277156829834,-1.6664005517959595,6.922854900360107,-2.7161388397216797,7.30570650100708,117.89996327080411,39.05123350784925,0.3042131350681537,11.33151395449323,13,2.0276923076923077,2.9004672139452974,0.25532739248353353,20,2.556,4.054117647058822,2.51702686148823,1.9999999999999996,0.0865943432777994,0.3361100348702055,call_743448b8a861,synthetic,val
0.01595301367342472,0.026385871693491936,0.16292962524191712,0.06101569122530247,0.10729411989450455,0.13438495993614197,1072.8278322046908,287.3785434322684,933.1512454650632,187.68303897903104,2096.156719603825,640.3228652756532,18.62973790506244,-329.9189453125,111.20649719238281,72.35939025878906,30.803356170654297,-5.757139205932617,24.999670028686523,-1.6519107818603516,14.115750312805176,-7.861546993255615,17.076641082763672,-13.219428062438965,12.053385734558105,-14.471356391906738,10.278369903564453,-11.685376167297363,8.445319175720215,-12.405678749084473,8.16331672668457,-4.753612518310547,6.7674760818481445,-8.841865539550781,6.571532726287842,-6.867724418640137,6.1866135597229,-10.471260070800781,6.706912517547607,138.88415818754748,49.54790319911435,0.29690346083788705,17.10571643342993,26,1.4661538461538457,0.9219505948847179,0.2713553530751708,21,3.548571428571429,2.9187499999999993,2.742320812286558,0.6400000000000006,0.07360478359908898,0.2717824601366743,call_750153d8eb40,human,train
0.030730130150914192,0.045489352196455,0.17963068740172955,0.07537248790458806,0.11816252768039703,0.09063152223825455,1442.707556607006,546.7348852699538,1036.5614279367053,267.99356513170795,2668.2144261006288,920.4255359247244,18.595345343073415,-433.8626403808594,212.02252197265625,34.2382698059082,46.62786865234375,0.7204487919807434,18.534563064575195,9.062761306762695,18.05928611755371,-9.997852325439453,20.00629425048828,-3.5373806953430176,11.167665481567383,-9.593225479125977,18.4714298248291,-0.9505136013031006,9.351395606994629,-7.417973041534424,13.496923446655273,0.4877343475818634,6.664639949798584,-3.0449657440185547,8.414810180664062,-1.6508115530014038,6.533432483673096,-1.6397991180419922,6.97545051574707,136.12434234437137,51.63723192244663,0.2914046121593291,13.644844506882572,13,1.5138461538461527,0.9781736393090216,0.3226229508196719,12,1.7833333333333325,4.471666666666667,1.9412789312432375,1.4800000000000004,0.04688524590163925,0.37344262295081987,call_76856257e3ef,synthetic,train
0.012308849021792412,0.030467355623841286,0.18687947151727863,0.09293275070027218,0.1609845906496048,0.15125058591365814,1288.2041643715345,507.62462632462507,978.8613857581005,317.13832591533884,2451.2030912527,934.0178021971086,17.991809796125676,-461.1036682128906,140.36097717285156,34.14472579956055,34.869049072265625,-2.4627671241760254,25.89156150817871,1.0223151445388794,13.336278915405273,-8.378022193908691,18.182283401489258,-7.411198139190674,13.149105072021484,-9.904199600219727,14.754682540893555,-3.5741825103759766,9.24510383605957,-8.023569107055664,12.269375801086426,-1.7730848789215088,7.165741920471191,-2.418498992919922,7.428537368774414,-2.252537488937378,6.481670379638672,-1.656516432762146,6.1647844314575195,160.7207023206721,90.92365645688031,0.2838012958963283,22.182622615209834,32,1.3825000000000003,1.5526489461562132,0.2986364250033752,22,3.8718181818181803,2.7514285714285727,2.820074780694209,0.1999999999999993,0.08019441069258815,0.20656136087484833,call_74b20933dd43,human,val
0.009806719608604908,0.02196635492146015,0.2021354324303874,0.1076797703541522,0.16618993878364563,0.1367565244436264,1464.5899114535885,503.7541196360161,1054.6369423329058,309.1029823630074,2725.944168053874,905.2943782965559,17.94402359382825,-495.70599365234375,153.02674865722656,22.67656707763672,28.038400650024414,1.3062959909439087,21.535783767700195,4.932254314422607,11.457979202270508,-6.714385032653809,19.704570770263672,-0.16995106637477875,9.358179092407227,-9.972941398620605,15.434962272644043,-3.478410005569458,8.283933639526367,-4.8220648765563965,10.134482383728027,-0.24328705668449402,5.681187152862549,-1.483521580696106,5.387771129608154,-3.4854979515075684,7.603827953338623,-0.37426120042800903,4.61904764175415,165.45994006578604,76.84852916275962,0.2896489104116223,16.519420586976214,32,1.6518749999999978,1.4834576112498132,0.2500236496074162,32,4.053749999999999,4.1367741935483915,3.715859981299666,0.020000000000003126,0.07009743638255592,0.20650837196102567,call_716d56beca2a,human,train
0.027699220925569534,0.017941921949386597,0.16770556720802546,0.03970585993358322,0.02878323383629322,0.016253260895609856,938.4703546406449,181.13629117903562,763.0719435383963,107.85681063263252,1762.1100164203613,343.3826229640318,20.955920510794993,-217.42843627929688,76.57227325439453,90.99791717529297,20.180212020874023,-27.898983001708984,21.775318145751953,17.627573013305664,13.955232620239258,-38.933624267578125,13.422752380371094,-13.022790908813477,10.80357837677002,-21.906509399414062,10.889967918395996,3.852565050125122,11.184910774230957,-14.465007781982422,10.21582317352295,-2.4447948932647705,8.650435447692871,-12.05136775970459,8.621088027954102,-6.647175312042236,8.23994255065918,-13.50035572052002,7.386803150177002,160.2613722193621,64.61719652820156,0.1416256157635468,22.46061926831921,40,0.7979999999999995,0.6143744786366051,0.20479917875016027,11,3.7181818181818174,3.592727272727271,2.450295310250994,0.5200000000000031,0.02155780828949053,0.5543436417297578,call_794031bf2233,synthetic,train
0.03020898997783661,0.06349994242191315,0.19518048707356075,0.03245499708103252,0.14142999053001404,0.06208616867661476,1660.6300042840555,359.0371206110126,1125.3227491133719,195.8810906973203,3019.0398454157785,642.1102691524477,17.605601800151533,-434.5958557128906,190.14991760253906,15.943547248840332,31.111135482788086,-4.60640811920166,18.803884506225586,3.8567392826080322,13.832435607910156,-8.4810791015625,21.778356552124023,-0.42225879430770874,7.863657474517822,-5.69867467880249,14.980094909667969,0.9235405921936035,7.5279974937438965,-2.383265256881714,8.729236602783203,0.5098826289176941,5.37384557723999,-0.04851497709751129,5.103538513183594,-0.8674914240837097,5.2983317375183105,-1.265650987625122,5.696722030639648,97.05715672396009,34.68893397721391,0.06353944562899787,15.281654008541826,14,2.0885714285714285,1.9596459488637128,0.19488136496934153,22,3.815454545454544,4.22,4.138528992555472,0.9000000000000057,0.008397760597174004,0.2540655825113304,call_7519d635bbbb,synthetic,train
0.04922344535589218,0.0779891163110733,0.1788200724899822,0.04843315876560703,0.1162753701210022,0.08396213501691818,1499.126681338653,464.8997529878185,1056.948539619939,227.69084386284896,2784.0849009349954,772.9162444219069,18.793882895637974,-367.1664733886719,160.02117919921875,24.081008911132812,34.73372268676758,-5.972965717315674,21.767135620117188,2.8544299602508545,9.182523727416992,-19.914663314819336,30.514101028442383,-5.274823188781738,12.211755752563477,-9.139235496520996,15.487970352172852,-2.967315196990967,7.800197601318359,-7.496103286743164,12.41189193725586,-5.20999002456665,9.387375831604004,-5.088333606719971,8.959518432617188,-5.013095378875732,8.70028018951416,-2.9427833557128906,6.311988353729248,218.5446142840581,64.8780617943288,0.3869100623330365,13.873818243240379,10,5.019999999999996,3.9528824925615993,0.3493875278396434,18,3.3255555555555563,4.301666666666668,2.3276663325218143,2.0799999999999983,0.0006959910913139916,0.23468819599109148,call_7601ac7d4fbf,synthetic,train
0.04626341164112091,0.0806920975446701,0.09262530723314606,0.022253032141480143,0.012048697099089622,0.007694156374782324,680.1892182503506,162.35558556852212,689.3711463525103,96.01838840497487,1318.8412158036151,351.7520747521173,19.395695563799602,-294.422119140625,103.47402954101562,105.44075012207031,20.953556060791016,-2.7113683223724365,15.092254638671875,5.514778137207031,8.023370742797852,2.7087650299072266,31.235612869262695,2.8353657722473145,9.637755393981934,-0.27820467948913574,12.977015495300293,1.7410537004470825,6.653406620025635,-6.145053863525391,7.847743511199951,-1.3543509244918823,4.775325298309326,-4.159735202789307,5.325394153594971,-5.648180961608887,5.463134288787842,-2.559174060821533,4.3634185791015625,118.02446697055204,74.43941264200379,0.966780654616512,10.982705413820021,11,2.6763636363636367,2.365030358164842,0.22480146609651805,15,4.516000000000002,5.337333333333335,5.039210872966347,1.6799999999999997,0.0,0.25794135613927893,call_7a345e2b0f37,synthetic,train
0.03448713943362236,0.048680685460567474,0.09554912544680404,0.04139040188609576,0.01462586224079132,0.009751824662089348,674.5148331770653,207.2761088852936,698.1241563748663,164.47405820636658,1335.3412137300252,446.19527328053226,19.692474512299217,-295.40447998046875,126.77127838134766,119.45523834228516,31.310680389404297,-12.510302543640137,18.575517654418945,20.69975471496582,14.294400215148926,0.9168473482131958,19.712615966796875,5.500695705413818,10.668229103088379,-4.955029487609863,17.986188888549805,0.18755164742469788,9.060051918029785,-7.082437038421631,10.093805313110352,-0.29365137219429016,6.903369903564453,-4.302798271179199,6.575380802154541,-3.3483946323394775,6.102047443389893,-3.783970355987549,6.2072906494140625,92.2597256247259,28.49142419600918,0.9331370899915896,8.5302742533396,21,1.8380952380952384,1.3712268370144858,0.2537136847640332,20,3.7099999999999995,6.208000000000001,6.358457045541792,1.519999999999996,0.014328907585118945,0.2729065334560272,call_7a250598cb8b,synthetic,train
0.012746317312121391,0.025545259937644005,0.21341507523148148,0.09489354833009125,0.18161576986312866,0.15058159828186035,1410.968672620025,504.85655601609074,1053.0972337115638,272.42354946383495,2621.860254184473,1011.8618229563483,17.929003052812085,-485.37579345703125,118.10086059570312,38.119876861572266,46.190834045410156,6.027181625366211,23.0211238861084,3.2849106788635254,15.71410846710205,-1.6108753681182861,13.753374099731445,-8.655603408813477,15.000894546508789,-7.777471542358398,14.375436782836914,-3.7583060264587402,9.526667594909668,-6.3646416664123535,9.836751937866211,-3.504923105239868,7.308515548706055,-3.545928716659546,6.964841365814209,-4.0204854011535645,7.005275249481201,-2.6687169075012207,5.850672721862793,153.9813017973901,142.6098874586506,0.3789173789173789,14.857874232492877,44,1.1745454545454534,1.0798767912579283,0.2875904284919307,19,5.931578947368422,2.116666666666669,1.773637192012189,0.0600000000000005,0.09404563160823583,0.17929883138564273,call_7744ab92baa3,human,train
0.031190745532512665,0.04397512972354889,0.174865285650358,0.04264503936221863,0.030810413882136345,0.019960274919867516,973.2617063187967,204.0983465572827,766.4227403636579,128.08869170740564,1806.1387480111375,383.3966235627024,21.09894218104621,-212.725341796875,80.73320770263672,83.43802642822266,21.4692325592041,-29.181949615478516,22.37834930419922,15.201964378356934,13.963128089904785,-37.8715705871582,14.553980827331543,-14.802699089050293,11.534446716308594,-19.929733276367188,12.486279487609863,3.3539185523986816,11.633634567260742,-12.106383323669434,10.397661209106445,-3.2839810848236084,8.781390190124512,-10.109603881835938,8.620561599731445,-7.463768482208252,8.277732849121094,-12.030241966247559,7.698551654815674,165.85787268515318,71.42171637353755,0.03898170246618934,24.60576490978957,17,0.5964705882352961,0.3194285555114385,0.12608803780154232,3,3.4400000000000013,3.1666666666666665,1.227716941680324,1.5600000000000005,0.03208157174832136,0.7776672469534938,call_7b14e69a57bd,synthetic,train
0.029801256954669952,0.06615971773862839,0.13253369214124436,0.13304667038060836,0.1082296147942543,0.1597391664981842,877.4111980969723,768.4434905505518,636.7388509434262,540.1165069491822,1631.2503919969895,1440.4502392040374,23.442473622195294,-422.0624084472656,163.8916015625,10.858328819274902,25.124813079833984,-7.359119415283203,26.620759963989258,-2.764309883117676,12.995994567871094,-6.653104305267334,19.470672607421875,0.9018810391426086,8.034931182861328,-5.387326240539551,13.91053295135498,0.08044969290494919,5.784521102905273,-4.226305961608887,10.321268081665039,-0.08336460590362549,4.770956516265869,-2.4780044555664062,6.994027137756348,-1.5719434022903442,6.072874546051025,-1.2410460710525513,6.109713554382324,227.89673141567243,262.2248967904968,0.2604114400401405,26.69992758492418,16,1.8437500000000009,1.61994164632557,0.23129998431864524,16,4.021250000000001,2.3200000000000003,2.1553777704461297,0.28000000000000025,0.00925199937274585,0.2734828289164182,call_7f82debeb19b,human,train
0.04996899142861366,0.06855408102273941,0.097841808086969,0.033053570946773456,0.014726653695106506,0.011570721864700317,712.3151947944152,213.5879709998263,717.2481707746269,130.1817884824868,1412.4188253444318,446.31775335225274,19.784109134618543,-254.43907165527344,115.91364288330078,116.22894287109375,29.32318115234375,-11.006107330322266,20.43905258178711,21.52357292175293,15.036705017089844,0.49056509137153625,24.515541076660156,5.959188461303711,9.564303398132324,-8.046339644351974e-05,14.175837516784668,0.4589385390281677,9.388155937194824,-3.656780958175659,8.030773162841797,-1.7761059999465942,7.3976054191589355,-4.309770584106445,7.465775966644287,-3.607898473739624,5.947688102722168,-6.02073335647583,7.371878623962402,91.70135237515748,30.087487150682993,0.8989667049368542,9.610304186331774,17,1.764705882352942,1.6269137785717405,0.26920315865039496,15,3.3640000000000017,4.831999999999999,3.4455443691817416,2.120000000000001,0.012921751615218932,0.29091888011485967,call_810c24005ecc,synthetic,val
0.027629712596535683,0.06026487797498703,0.19289212740384615,0.044670855191376355,0.14362013339996338,0.07023170590400696,1646.7365233302173,406.9878729606786,1137.4278050480837,192.10808432187739,3026.4102564102564,671.7113265785986,17.72751606081074,-457.948974609375,175.07334899902344,15.018959999084473,31.266355514526367,2.417281150817871,16.11844825744629,7.648186206817627,17.890724182128906,-6.329560279846191,18.76813316345215,1.1999871730804443,8.021650314331055,-2.897989511489868,11.123809814453125,1.4987444877624512,6.285945892333984,-1.2609931230545044,7.472797870635986,0.9399369955062866,5.539763927459717,-0.34262558817863464,5.719074726104736,-0.05376652628183365,5.022548198699951,-2.152982234954834,8.06218433380127,116.31875530848131,30.413862839214488,0.18923076923076923,9.47704601507817,11,2.0672727272727283,1.2235647689442741,0.18229918229918238,20,3.2510000000000012,5.059999999999999,3.164153388612296,0.9799999999999969,0.012506012506012496,0.30896264229597536,call_7b1e73c133f8,synthetic,val
0.027340203523635864,0.049690406769514084,0.1888627226714494,0.05266767712173214,0.13013921678066254,0.07163607329130173,1570.5969592571737,456.4419442719832,1098.3596771977243,206.4230032685803,2882.436314445525,768.953450108952,18.064617792259767,-464.720458984375,205.44720458984375,26.481882095336914,41.93356704711914,-0.6378627419471741,16.774036407470703,8.094512939453125,17.328205108642578,-7.351963996887207,18.959957122802734,-1.5683727264404297,9.268424034118652,-5.98250150680542,15.190279006958008,0.6528245806694031,8.57297134399414,-5.268566608428955,12.340335845947266,1.1477892398834229,5.676349639892578,-0.5937104225158691,6.723917484283447,-0.8019247651100159,6.431308746337891,-1.432542085647583,7.044826507568359,114.35976065023559,25.298393089699264,0.22568093385214008,10.309089038425482,8,4.45,1.9276151068094485,0.27059896625114016,19,3.3947368421052624,6.3589473684210525,5.698178743882109,1.5799999999999983,0.0,0.23913043478260876,call_7d4f3b80384e,synthetic,train
0.03817477077245712,0.07672969996929169,0.18115136865014977,0.04553976048674698,0.12901084125041962,0.0768313929438591,1571.6048914662806,446.9843892289674,1089.0749543977895,234.84772852975223,2899.8728469795306,755.2012049941767,18.19757145168679,-406.4356994628906,155.76649475097656,17.23260498046875,30.11617660522461,-4.755012035369873,19.57648277282715,2.063600778579712,8.391140937805176,-14.321639060974121,28.120281219482422,-3.0881874561309814,9.286474227905273,-6.0759687423706055,13.497653007507324,-1.9218517541885376,6.6233439445495605,-5.339528560638428,11.381040573120117,-3.208341360092163,7.887982368469238,-3.7454166412353516,8.433286666870117,-3.339881420135498,7.934004783630371,-1.5214539766311646,5.390744209289551,224.9545089985187,72.49118425644913,0.2775836245631553,16.152874435958264,9,3.5622222222222226,2.7702137012543417,0.25015605493133586,16,4.07125,4.396363636363636,2.5870561463045654,2.1799999999999997,0.0,0.2415730337078651,call_7d5b26105bb5,synthetic,train
0.04274299740791321,0.10090223699808121,0.1849432373046875,0.04853809232293271,0.1405297815799713,0.06719590723514557,1606.7953994872944,496.88412319829865,1121.364685592202,219.3862355438441,2930.341796875,880.4929567228992,17.55894369279869,-422.89837646484375,152.8103485107422,19.409719467163086,41.98653030395508,4.968319416046143,14.950790405273438,6.303099155426025,16.20807456970215,-2.276040554046631,9.267033576965332,-0.7087461352348328,6.652182579040527,-3.762307643890381,10.95202350616455,-1.426080346107483,6.863063335418701,-2.065061330795288,7.734574794769287,-0.40529733896255493,4.639699459075928,-0.22498245537281036,4.767826557159424,-0.059667881578207016,3.7912168502807617,-1.695222020149231,5.8455986976623535,104.7547930165382,19.359227223473074,0.22625,7.757186932589158,8,3.3475000000000037,2.183939960255315,0.1743716629769503,26,3.357692307692309,6.95473684210526,7.286662197699265,2.0,0.005469462169553349,0.2626644094283106,call_802282383eb2,synthetic,train
0.0478375218808651,0.08743251860141754,0.1774619925477602,0.05826278155099704,0.1292557418346405,0.08211752027273178,1501.0598341891844,547.1824253021663,1086.9156365653837,230.59335484398824,2772.185853096179,952.6244662268715,18.05928987916219,-396.96612548828125,164.20455932617188,27.24555778503418,46.25580978393555,9.02175521850586,19.0074520111084,11.221224784851074,21.55565643310547,-5.705057621002197,13.635716438293457,-1.2232756614685059,8.324251174926758,-6.172180652618408,12.898467063903809,-2.248380422592163,8.737618446350098,-2.290040969848633,7.850869178771973,-0.21136803925037384,4.798384189605713,-1.044374704360962,5.9731974601745605,-0.2416984587907791,4.165168762207031,-2.1906535625457764,5.979574203491211,108.23409722366723,21.778169076379417,0.27509881422924903,8.070653873992905,27,2.319999999999999,1.6705199900142,0.25796886582653805,22,4.540909090909094,5.50363636363636,3.4614113588305737,0.2400000000000091,0.013178486121406844,0.3437937566921999,call_7ae75e4aa32f,synthetic,train
0.015706179663538933,0.034999728202819824,0.18938696612665684,0.041677459444243226,0.14187012612819672,0.07041558623313904,1643.7057301798084,386.7295585910745,1125.8741611946007,202.36175889948163,3017.9300135002454,655.8049815953052,17.936864647418364,-488.9125671386719,156.1842803955078,15.115668296813965,27.840349197387695,-2.450066089630127,17.930330276489258,0.8665878772735596,6.661734104156494,-10.181753158569336,25.230697631835938,-1.7597965002059937,8.320456504821777,-6.0390143394470215,16.044509887695312,1.0799410343170166,4.6196980476379395,-3.639285087585449,11.040523529052734,0.47116371989250183,4.739604473114014,-2.6048743724823,8.275274276733398,-2.017571449279785,7.121912956237793,-1.884438157081604,6.770909309387207,182.021179048831,67.3542121436682,0.23318605792832597,15.802747939383055,13,1.9415384615384605,2.0430514363563224,0.1936473837655362,19,3.732631578947369,4.104285714285713,2.8043250124602563,2.2,0.02056160810188737,0.28279883381924187,call_810e3066a7b4,synthetic,val
0.01931433007121086,0.037068478763103485,0.03272537866909182,0.05712944971632645,0.00417952798306942,0.02197338081896305,261.29398904524703,426.9636999542829,251.61145690448592,392.34040862937053,497.2129014049172,870.8383186313902,30.010793501370436,-476.2345886230469,145.04469299316406,24.197233200073242,40.813777923583984,3.742191791534424,17.8292179107666,-0.8341786861419678,9.641034126281738,-11.435097694396973,24.422801971435547,-5.09014368057251,14.062975883483887,-5.084780216217041,13.704567909240723,-2.0479390621185303,7.781846523284912,-3.4762516021728516,9.41762924194336,0.5803600549697876,4.681204319000244,-1.5959720611572266,7.1559882164001465,-0.9023503661155701,5.7914018630981445,-1.8739293813705444,6.840157985687256,218.02706316028434,67.72769241719614,0.2222779729051681,20.450153094011856,10,3.022,1.0034520417040393,0.23694527207150695,17,3.8941176470588252,4.155000000000001,3.392171133654669,0.9200000000000017,0.0,0.24400188176258408,call_8834a90f11cd,human,train
0.018980566412210464,0.036848198622465134,0.0764806138646702,0.11733537851528418,0.033938515931367874,0.08474310487508774,529.2232476366007,695.5931286807739,425.36387833683443,524.7780566437938,1011.5070010424564,1326.8036451232208,26.462237086420664,-464.3401184082031,170.8040771484375,18.23760223388672,33.528602600097656,3.908094644546509,21.873132705688477,-2.88824725151062,17.704153060913086,-8.026137351989746,19.810625076293945,-4.978458404541016,12.464948654174805,-6.5532941818237305,14.964588165283203,-2.2697246074676514,9.141203880310059,-5.352647304534912,12.153480529785156,1.070881962776184,5.501171112060547,-0.9454736113548279,6.325016975402832,-0.3457656800746918,5.567686557769775,-0.7984076142311096,5.708086013793945,136.07723711548124,37.58436769575861,0.16982562547384383,10.659244176074125,16,2.7687500000000007,1.9294166054794897,0.26240966710105446,22,4.100909090909091,3.71142857142857,2.9931640938172777,0.740000000000002,0.012202345693638166,0.21537732496149742,call_81b98c77cf99,human,train
0.04685951769351959,0.0952538400888443,0.18400953534388648,0.04107704508217264,0.13255959749221802,0.07331397384405136,1572.357143412586,468.9573818994087,1097.3992012350327,228.5104387225362,2903.325524623969,795.3423406829905,18.141625343163494,-407.7528076171875,165.83493041992188,22.28559112548828,40.21208953857422,2.515407085418701,14.113983154296875,5.138060092926025,11.782764434814453,-12.856424331665039,27.286319732666016,-4.083459377288818,11.387856483459473,-7.613974094390869,17.315820693969727,-0.18904782831668854,7.743724346160889,-0.005325406324118376,5.263037204742432,-0.8766099810600281,5.887580394744873,0.5657183527946472,3.902017831802368,-2.8723251819610596,7.572638034820557,-2.010446548461914,6.079873085021973,124.01639063538389,53.5162340810421,0.12906356137797187,12.611668776789273,16,1.8175000000000003,1.6136430057481717,0.22050348801941164,22,3.098181818181817,3.3618181818181827,2.2545058647550413,0.5600000000000023,0.035941765241128396,0.2986047922353656,call_81b12145be34,synthetic,train
0.03487265855073929,0.067540243268013,0.18587751503237743,0.043052330468621516,0.13047157227993011,0.08088018745183945,1574.7070782802211,431.38393923036443,1092.6814528924313,215.07033410634108,2902.5876647779833,728.8374413586948,18.16194248232871,-401.986572265625,147.76303100585938,18.86638069152832,32.364585876464844,-4.65490198135376,19.966115951538086,1.620074987411499,8.748534202575684,-14.338329315185547,27.47942352294922,-3.527400493621826,9.840753555297852,-7.187058925628662,15.025232315063477,-2.0070853233337402,6.873691082000732,-6.05999231338501,12.104239463806152,-3.478745222091675,7.9695892333984375,-3.7366302013397217,7.946468353271484,-3.71295428276062,7.975348949432373,-1.9995225667953491,5.582775115966797,213.6026545119785,71.31914968207853,0.32377428307123035,17.457062474940845,13,2.787692307692309,2.4939254009142773,0.2619254119687772,14,5.115714285714283,3.5636363636363657,2.8396903567667477,0.4200000000000017,0.016478751084128215,0.2369181844463718,call_850d796d23a7,synthetic,train
0.08521288633346558,0.12168165296316147,0.16703455747085244,0.063918302990685,0.10823385417461395,0.08630114793777466,1354.5058201648467,609.4151863339371,1023.7266719748666,264.7292906551357,2516.753870412844,1072.6217710907529,18.84177200959776,-337.2478942871094,185.82943725585938,40.58792495727539,53.23711013793945,10.005661010742188,20.568904876708984,13.728675842285156,22.601194381713867,-5.941773414611816,14.209242820739746,-2.7955892086029053,10.832965850830078,-8.4021635055542,14.595254898071289,-3.2215542793273926,11.49589729309082,-4.167764186859131,9.846589088439941,-1.5947883129119873,6.600331783294678,-1.3282527923583984,7.045961380004883,-1.467716932296753,5.660451412200928,-4.700126647949219,8.249984741210938,108.05442268243397,20.11292763142204,0.35244648318042815,7.225580720178183,14,4.552857142857145,4.344498045264391,0.380719149444511,19,3.6073684210526324,5.4336842105263115,5.178949507915685,1.7400000000000002,0.013140604467805357,0.22303189583084393,call_8570ae0e7d61,synthetic,train
0.05445059761404991,0.1094057485461235,0.17880892672308815,0.05558627407624682,0.13012957572937012,0.07481663674116135,1525.4505130893992,549.1203948839924,1090.650096108544,242.20274435629062,2805.5760624695567,958.3416563038853,17.85612781364366,-387.1682434082031,161.1322479248047,25.684751510620117,47.09020233154297,6.157749176025391,16.995059967041016,8.383517265319824,17.85930824279785,-3.0831730365753174,10.727703094482422,-1.5219007730484009,7.877211570739746,-5.26770544052124,12.302167892456055,-2.2208445072174072,8.377032279968262,-2.3906803131103516,8.152135848999023,-1.233842134475708,5.582164287567139,-0.793688952922821,5.7266716957092285,-0.10257980972528458,4.316483497619629,-2.823843002319336,6.68233585357666,108.53151596519834,21.60971851954797,0.24208475401850948,6.038636893110929,9,3.4177777777777782,2.8562670968232413,0.23420130957819404,15,4.390666666666665,5.240000000000001,3.6273626783105097,2.480000000000004,0.008375209380234462,0.2727272727272728,call_88cd54e1e505,synthetic,train
0.07046825438737869,0.10583091527223587,0.17240101007973943,0.04550374823860262,0.11153030395507812,0.0803941860795021,1457.3312678267307,505.15675239637466,1046.1818494213635,245.4314260179265,2723.0001965408806,848.961843289351,19.297226793731333,-334.7229919433594,179.08721923828125,31.333354949951172,43.07265853881836,2.7073049545288086,16.800020217895508,8.116299629211426,14.350367546081543,-21.86737823486328,32.425209045410156,-7.275907516479492,13.58777141571045,-11.668643951416016,19.455108642578125,0.32363077998161316,10.255827903747559,-1.8281447887420654,7.314480304718018,-1.0409051179885864,6.395838260650635,0.06490954756736755,5.203281879425049,-6.26354455947876,10.357251167297363,-4.136347770690918,7.031540870666504,121.77821967988105,35.375017480767596,0.3297394429469901,9.516505890220603,8,6.307500000000003,6.961342812274082,0.3542046890355189,13,5.312307692307694,8.492307692307687,9.141013370725746,1.6800000000000068,0.010248490804436388,0.17127614769057942,call_88d7858b7921,synthetic,train
0.041534874588251114,0.06841755658388138,0.14930808431909134,0.10964718636660366,0.10973237454891205,0.15092837810516357,1161.902498350784,611.0502464732655,918.9038238128052,421.7238176692729,2262.049788135593,1194.2032080903311,19.87926517830242,-401.2119445800781,188.91140747070312,24.9958438873291,36.63718795776367,-1.2994343042373657,25.363887786865234,-8.907283782958984,18.391855239868164,-13.947806358337402,24.776248931884766,-1.7748329639434814,9.26761245727539,-7.10434627532959,14.464000701904297,-0.11231391876935959,6.372829914093018,-4.050029277801514,9.101953506469727,-0.19291891157627106,4.78555965423584,-2.162226676940918,6.273987293243408,-3.196046829223633,7.2246856689453125,-2.1274046897888184,5.889462947845459,177.60105874371504,78.11532180557693,0.3389830508474576,15.91714668989855,17,2.5529411764705925,2.5328425433652533,0.31930547380812296,15,4.541333333333332,4.647142857142856,4.7944647080497615,0.1799999999999926,0.02589758681577431,0.20541494997057064,call_8a3996f823e4,human,train
0.04409648850560188,0.08709374070167542,0.2530881539860762,0.09038468451777679,0.22621065378189087,0.15869051218032837,1555.1657436523246,419.4688803677852,1073.7481753537786,206.726686635874,2821.6194906825795,770.3101265468346,16.99616978687589,-406.58685302734375,166.22903442382812,23.367168426513672,39.353973388671875,-1.1126128435134888,18.824077606201172,-6.371671676635742,15.8530912399292,-12.539952278137207,22.810638427734375,-5.6464314460754395,11.12784194946289,-7.443921089172363,14.189486503601074,-1.3907482624053955,6.36068058013916,-4.160008430480957,9.87572956085205,0.4263148605823517,4.755209445953369,-2.778883695602417,7.652479648590088,-0.341538667678833,4.376980781555176,-1.7883554697036743,5.353003978729248,230.90370656275644,136.64148174762354,0.26423785594639865,31.01612949703221,16,2.3524999999999987,1.7783542251193927,0.24630283994241578,19,4.47578947368421,2.9047058823529412,2.961466484197352,0.6599999999999966,0.023033634341054904,0.220259128386337,call_893d552b156a,human,train
0.07930511981248856,0.1130337044596672,0.20549056190887596,0.03416022819729212,0.12118834257125854,0.07359151542186737,1642.5012943188142,306.1657562805958,1112.4540403617018,168.76478414277855,2998.10300336486,533.2121682989639,18.58292113258103,-326.9551086425781,215.0965576171875,12.654897689819336,23.105117797851562,-8.069698333740234,26.375099182128906,-0.4462268054485321,11.28279972076416,-20.136802673339844,31.716426849365234,-1.5884647369384766,9.123661994934082,-13.706793785095215,21.93667984008789,1.558044195175171,7.429983615875244,-11.264609336853027,17.501962661743164,0.7887040376663208,6.357971668243408,-6.967728137969971,11.778484344482422,-1.3766769170761108,7.289404392242432,-4.110232353210449,9.16244888305664,228.82805886833953,92.76696504963117,0.27973808657693705,23.539941118881757,8,7.747499999999999,5.650760457672936,0.35231923601637105,18,4.947777777777776,4.862857142857146,4.117099236410144,1.5399999999999991,0.006480218281036718,0.14790814006366537,call_8893de2fe204,synthetic,train
0.032646145671606064,0.05789819359779358,0.27852677638258483,0.1496675214205632,0.17770043015480042,0.1495065838098526,1461.1746200904092,407.99583590445025,992.334719643541,179.028970722269,2571.1616847826085,598.3246791331295,17.60811436169519,-386.8923645019531,170.25682067871094,31.491228103637695,26.176788330078125,-6.963261604309082,32.742889404296875,-2.939105987548828,20.195247650146484,-13.487495422363281,21.06385040283203,-9.425773620605469,10.877264022827148,-10.647464752197266,13.31877613067627,-4.6111907958984375,9.908346176147461,-7.2047600746154785,9.534724235534668,-2.2782130241394043,7.501115322113037,-6.267329216003418,7.263281345367432,-3.3615920543670654,7.566355228424072,-3.9209787845611572,6.049885272979736,340.37804167887015,479.63617249578283,0.4811275680840898,29.815660545684594,30,1.7453333333333345,1.9889155057188537,0.39097968936678645,26,2.938461538461537,3.308461538461539,3.005298772178761,0.0800000000000125,0.12977897252090814,0.168309438470729,call_8a9391c1823b,human,train
0.010425971820950508,0.025763893499970436,0.19411966026376146,0.10876065783624685,0.17810046672821045,0.16985830664634705,1380.9954356951594,547.2265496938104,1017.1037143165121,342.26900533039947,2586.512327981651,1038.4589077899682,18.273210215242443,-497.34771728515625,144.61709594726562,24.421083450317383,33.2307014465332,-1.1146224737167358,23.30738067626953,5.675526142120361,15.79703426361084,-6.659460067749023,21.551015853881836,-4.914981365203857,12.537957191467285,-6.167561054229736,13.662679672241211,-2.051659345626831,9.548913955688477,-2.1917717456817627,8.71672534942627,-0.701505720615387,7.020130157470703,-1.6315969228744507,7.183435916900635,-0.7041485905647278,5.786980628967285,-2.5080878734588623,7.927420139312744,118.71953956671385,47.60464250563636,0.3148623853211009,16.424220584739768,35,1.177142857142856,1.0354752433505285,0.23631983480555213,31,2.934193548387095,3.8379310344827604,3.6480862997489756,0.6600000000000001,0.045199036365722096,0.28714007112538764,call_8a61615c9927,human,train
0.0356399305164814,0.07276731729507446,0.18379567579006773,0.04467364508301136,0.12872107326984406,0.0794362723827362,1560.6445285527755,451.43665523380605,1096.5818499531122,216.8128794400042,2885.223264672686,770.5409476869889,17.996043496894146,-376.9366149902344,130.71102905273438,18.72286033630371,34.1458625793457,-1.8247191905975342,18.60053062438965,1.250975489616394,7.590499401092529,-13.132851600646973,26.463537216186523,-2.9482016563415527,9.377435684204102,-6.7585883140563965,14.218135833740234,-2.287142515182495,6.424356937408447,-5.485662460327148,11.138201713562012,-3.5502381324768066,7.447085857391357,-3.984424352645874,8.101602554321289,-3.613487482070923,7.5488104820251465,-1.9291200637817383,5.173563480377197,172.73056051606665,88.5804727317972,0.4744920993227991,15.755594459613349,17,2.0164705882352956,1.2400613892606052,0.2418512769860309,17,3.82,4.544705882352939,3.083470385681879,2.1799999999999926,0.004938620008466276,0.3049245096655848,call_8ade6f74aa33,synthetic,train
0.07120257616043091,0.10740703344345093,0.20719811362044818,0.04277083574394506,0.12457937747240067,0.07170670479536057,1652.213709905619,316.5352978149404,1115.5265788153463,178.01169263053188,3016.198080794818,546.0731518468106,18.393550098634414,-340.246826171875,211.44834899902344,11.879236221313477,22.98587989807129,-6.725926399230957,23.716806411743164,0.3453589379787445,11.253840446472168,-18.30466079711914,30.36315155029297,-1.4564567804336548,9.037152290344238,-12.914213180541992,21.765382766723633,1.8254315853118896,6.938735485076904,-10.311768531799316,16.912500381469727,0.6289913654327393,6.675614833831787,-5.90618371963501,11.03572940826416,-1.142232894897461,7.113246440887451,-3.307502031326294,9.248157501220703,234.08968997430347,77.46334278494928,0.2615546218487395,18.90023202422164,14,4.157142857142856,4.3457161641773006,0.31852014010507873,28,2.9935714285714288,5.335789473684212,4.188805024661095,2.3400000000000034,0.0432355516637476,0.26598073555166357,call_8a570a10920b,synthetic,train
0.05541499704122543,0.09214199334383011,0.17733897463325182,0.04389186620156908,0.11624518036842346,0.07977062463760376,1512.751400129822,465.12823879417994,1058.0135676753832,248.4986258606465,2793.8455073349633,813.1347012846078,18.975014614917757,-359.8592834472656,171.5775604248047,25.31443214416504,38.05620574951172,-6.199265480041504,22.779752731323242,-3.4046218395233154,10.68151569366455,-16.564516067504883,27.987098693847656,-1.7476894855499268,9.530118942260742,-8.141436576843262,16.1817684173584,-1.6799103021621704,6.951131820678711,-7.406747817993164,13.340496063232422,-1.4743667840957642,5.968014240264893,-5.077210903167725,9.62100887298584,-2.4056360721588135,6.050665378570557,-4.534693241119385,8.31661319732666,207.6698778336112,46.11108931922914,0.3026894865525672,12.955724363111608,10,4.258000000000001,2.7357404847682476,0.32543564659125657,13,4.5892307692307694,5.629230769230768,7.324847555818233,1.4800000000000004,0.006725771935188036,0.2253133598287984,call_8c2ebe3761bb,synthetic,train
0.050826508551836014,0.08146452158689499,0.09824748640067371,0.0338417615161897,0.016720827668905258,0.010611163452267647,716.5665821395355,224.28226767068534,730.9405510845536,151.51125243126262,1416.9914762381645,482.1831465514862,19.524427624868277,-283.2342529296875,139.3146209716797,99.01435089111328,24.7778377532959,0.8016446232795715,20.34442710876465,13.4207124710083,17.356948852539062,4.517309665679932,26.770021438598633,5.28607702255249,8.907076835632324,-2.065218687057495,15.5154390335083,2.6106221675872803,8.579492568969727,-6.166097640991211,8.396988868713379,-1.4138752222061157,7.685214042663574,-3.979851484298706,6.880104064941406,-4.8422136306762695,6.529784679412842,-5.004916191101074,6.97127103805542,89.59322417623592,28.855698083688463,0.9311726147123088,8.804495745325458,15,3.034666666666669,3.0688844154766657,0.25907797381900993,20,4.430999999999996,5.079999999999998,4.542996924127461,1.6799999999999926,0.004325554923164474,0.24086511098463304,call_8cafd2754e55,synthetic,val
0.032700568437576294,0.07563768327236176,0.18468169194118234,0.05146770622706069,0.1423541158437729,0.07245443761348724,1603.4995747303872,480.1384998193128,1127.0830072930432,200.44126046890682,2940.128010549363,835.8564053716109,17.59863238487605,-420.2745361328125,141.9127960205078,18.491500854492188,39.7690544128418,5.919259071350098,15.931621551513672,7.331007480621338,18.03321647644043,-3.841672420501709,11.652170181274414,-0.6727010011672974,6.488363265991211,-4.43684720993042,11.412324905395508,-0.8275363445281982,7.236906051635742,-1.1580005884170532,6.440453052520752,0.07749734818935394,4.299946308135986,-0.36542633175849915,4.4726691246032715,0.0753844678401947,3.82597279548645,-1.3462293148040771,5.079862117767334,106.22154037859116,25.966593997308696,0.2786624203821656,10.025500238545128,16,1.7674999999999996,1.612775170319782,0.17595818815331007,20,4.021,6.578750000000001,4.188236315861367,2.4800000000000004,0.006968641114982596,0.3306371329019414,call_8ae3fce602f3,synthetic,train
0.01889895834028721,0.041825275868177414,0.04296654457429991,0.07366992025565369,0.010322937741875648,0.03751404583454132,326.3054866611325,508.8655451427102,291.9945117067707,430.65819990367413,614.5286387759711,1005.6084295715938,28.28844599165757,-470.87353515625,143.23817443847656,22.775285720825195,40.44826126098633,-0.7569735050201416,18.017314910888672,-6.296298503875732,15.61725902557373,-6.9188456535339355,17.912187576293945,-2.159539222717285,9.21675968170166,-7.712308406829834,17.84773826599121,-0.9835181832313538,6.441028594970703,-3.189955472946167,9.18895149230957,0.7001451253890991,4.543270587921143,-0.34978151321411133,5.217819690704346,-0.48895353078842163,4.835550308227539,-1.0066583156585693,5.461169242858887,222.09306315448842,99.59088531303361,0.17524841915085818,29.45876855077888,15,2.1960000000000006,1.7177380475497412,0.23256142332674395,25,3.114399999999998,4.907499999999998,4.59205042255998,0.7199999999999989,0.018497599548150247,0.23623270262637686,call_8d6cd93e02b8,human,train
0.01583646424114704,0.022079279646277428,0.16459633760072095,0.05295437878658503,0.10257972776889801,0.08291297405958176,1338.931003662279,568.1876271044241,998.7913577497026,272.1706466209916,2451.7351171543683,1053.4405880387546,18.415965835493726,-451.4582214355469,170.51976013183594,48.02978515625,52.9864387512207,3.2326607704162598,22.171213150024414,1.5293406248092651,14.059183120727539,-13.525740623474121,21.156904220581055,-2.536381959915161,10.786164283752441,-7.7243170738220215,14.37629508972168,-1.7243634462356567,8.492545127868652,-9.48399543762207,13.996572494506836,-1.0347881317138672,7.093471050262451,-7.0804924964904785,11.393526077270508,-1.3538334369659424,6.919517993927002,-4.939709663391113,8.871207237243652,180.93068010624987,63.25952000588474,0.35411365564037317,18.562371020430668,9,7.2666666666666675,6.958767451527927,0.433457051961824,20,2.685999999999999,6.785000000000004,5.605500423691004,0.3999999999999986,0.00702545068928954,0.21752386002120894,call_8c6b33721067,synthetic,train
0.008270056918263435,0.020762847736477852,0.08007086493992047,0.09508458370180219,0.08386831730604172,0.14485487341880798,696.6083728809309,701.8071047391703,594.5842950096235,560.4975046056052,1416.4154348201937,1424.3826816187932,23.662254587355715,-525.5601806640625,129.95608520507812,20.333505630493164,28.82555389404297,3.6923704147338867,15.269611358642578,-0.1116899847984314,9.893415451049805,-5.424900531768799,18.787364959716797,-1.2628815174102783,8.24242877960205,-2.2031056880950928,8.977421760559082,-1.8140387535095215,7.222136974334717,-3.877121925354004,11.153481483459473,0.43215280771255493,4.788721561431885,-1.2782669067382812,6.30503511428833,-1.2877429723739624,6.2206950187683105,-0.5160230994224548,4.731434345245361,170.88080895395194,77.14443833652857,0.2520746887966805,12.944806273878505,14,2.178571428571431,1.877086865875103,0.164829226113273,28,4.047857142857143,4.820740740740739,3.776776918980997,0.8199999999999932,0.008214440121054972,0.2308690012970167,call_8da8b9947630,human,val
0.03789292648434639,0.08395959436893463,0.18367912999172967,0.053937836800628546,0.13903632760047913,0.07653383165597916,1574.160309932567,508.17531509980347,1110.2733783991944,223.1092563637929,2886.8645882561436,887.1913116645796,17.754972505455697,-413.4443054199219,145.21685791015625,20.580472946166992,41.78765106201172,6.195043563842773,15.545469284057617,7.869269847869873,18.51197052001953,-4.752822399139404,13.297959327697754,-1.027283787727356,6.917031764984131,-4.827524662017822,12.105477333068848,-1.7340635061264038,7.842552661895752,-1.1169531345367432,6.812507629394531,-0.3165915906429291,4.316653728485107,-0.6997895240783691,4.751649379730225,-0.023562194779515266,3.995922327041626,-1.6903910636901855,5.444752216339111,110.74062109476317,24.31940927956517,0.22069943289224953,8.20068002165292,16,1.6275000000000013,1.0327118426744206,0.1923190546528805,21,3.0428571428571423,7.539047619047621,4.1828423974065725,3.0400000000000063,0.009158050221565798,0.3449039881831609,call_8d3ea77f4bb4,synthetic,train
0.025003893300890923,0.04724346473813057,0.19206337389449427,0.03601655687945468,0.13695386052131653,0.06743699312210083,1611.6856264394912,403.92396702993625,1103.7210684772813,216.15501954191913,2935.3337537369207,729.8261777444092,17.943349072675304,-455.4711608886719,205.2117156982422,21.290437698364258,35.5527458190918,-4.4238810539245605,17.532730102539062,4.189697742462158,15.042875289916992,-10.770156860351562,23.571657180786133,-0.5308980941772461,7.707115173339844,-7.347455978393555,16.859996795654297,1.140568733215332,6.590334892272949,-2.3750574588775635,8.316553115844727,0.1470884531736374,5.791162490844727,-0.9977222681045532,5.948730945587158,-1.112654447555542,6.029942989349365,-1.743208885192871,6.339748859405518,113.60973224359124,35.987005464078635,0.09965122072745392,11.207724255953652,10,3.1100000000000056,2.425436043271394,0.24213640610401788,20,3.2960000000000003,5.197999999999999,4.028984487436009,1.8199999999999932,0.009187169106197443,0.25381501090003067,call_8e6c9fa78a21,synthetic,train
0.05284671485424042,0.09029354900121689,0.1868546826152794,0.04235444115988043,0.12821368873119354,0.07280591875314713,1571.6386450131222,440.9711661624024,1104.2509383233473,208.43737772777516,2898.9931369675655,753.3344402615501,18.320968341945623,-380.90753173828125,201.17041015625,22.68124771118164,38.319576263427734,0.05813876539468765,20.162761688232422,8.52037239074707,18.59584617614746,-9.499702453613281,21.075519561767578,0.9620010852813721,8.93815803527832,-6.700461387634277,14.608759880065918,0.8709493279457092,7.954199314117432,-2.8797600269317627,8.756362915039062,-0.3055466413497925,6.801824569702148,-1.596407413482666,7.026155471801758,-1.692957878112793,6.634537696838379,-3.389988422393799,8.231548309326172,122.76880018661237,29.5779786754813,0.2731535756154748,9.85515147523659,12,3.7883333333333318,3.2515581734847596,0.27763527543666777,25,3.3824,8.8624,9.330379319191687,1.4800000000000004,0.022963234395993667,0.22889947477708583,call_8d75a71e6126,synthetic,val
0.014737050049006939,0.025449177250266075,0.17154225890232497,0.0491674589661001,0.116177998483181,0.07684358209371567,1445.9408792451147,541.9656742604675,1043.9714577227196,260.92161485346764,2646.3810295296635,992.0412555065091,18.004776980431437,-467.8584289550781,165.75672912597656,38.3476448059082,51.84135818481445,3.055994987487793,20.96341896057129,2.433063507080078,11.604452133178711,-9.587603569030762,19.951370239257812,-1.0959535837173462,9.80350112915039,-6.158817768096924,14.064087867736816,-0.289655864238739,7.981687068939209,-6.170306205749512,12.366104125976562,0.02650873363018036,7.131477355957031,-4.463228225708008,9.96664810180664,-0.17830583453178406,5.98794412612915,-3.0759027004241943,7.877285480499268,163.17395141327907,61.187598015403054,0.24746125066809194,18.89653976716156,8,5.024999999999999,4.673315204434643,0.33572740938700507,17,3.211764705882355,8.287058823529412,7.532942370763611,1.9200000000000017,0.010689827960581388,0.21897444463003168,call_8f8e2145bc91,synthetic,train
0.04831305146217346,0.08743644505739212,0.17938650808026713,0.04233446317071154,0.12106873840093613,0.07654909789562225,1541.06849964163,453.66677828319797,1073.1413593506252,243.22173213021472,2843.499952746976,793.9797918823385,18.619463284382743,-382.1190185546875,172.6882781982422,23.360498428344727,37.230735778808594,-5.1446356773376465,22.02169418334961,-3.4077858924865723,10.989810943603516,-15.647116661071777,28.39369773864746,-1.1745193004608154,9.223479270935059,-6.869994163513184,15.553383827209473,-0.9257522225379944,6.504245281219482,-6.111079216003418,12.38290023803711,-1.2048308849334717,5.508545398712158,-4.337739944458008,9.649943351745605,-1.741695761680603,5.36267614364624,-3.80607008934021,8.030675888061523,190.8818754033381,74.56798033746632,0.3240927419354839,16.309161118098963,11,3.3545454545454563,3.0717018192063645,0.29068851425870507,18,3.397777777777778,3.7764705882352936,3.171522071361785,0.29999999999999716,0.031038285804317094,0.2585473452024577,call_8ee1e10130a2,synthetic,train
0.06040715426206589,0.10160315781831741,0.17323434512428298,0.0506426693027221,0.12396419793367386,0.07411088794469833,1543.8700225248135,473.32062684840696,1105.7585614735995,201.04053730883618,2874.6848111854683,774.912482001231,18.554101085509508,-362.8561096191406,187.61398315429688,22.480804443359375,37.31194305419922,2.099137783050537,16.031808853149414,9.125728607177734,17.903017044067383,-8.393360137939453,17.53782081604004,-0.44956693053245544,8.548436164855957,-5.828726291656494,12.389707565307617,1.605380654335022,7.9644389152526855,-2.761948823928833,8.470006942749023,1.006271481513977,6.304837703704834,-1.135985255241394,6.737027168273926,-2.2919652462005615,6.705405235290527,-3.2433254718780518,7.999986171722412,119.0934681953888,29.87422018839033,0.3927342256214149,8.209280946698351,12,3.838333333333335,4.350137609573082,0.2752479980877257,20,3.865000000000001,3.8799999999999986,2.6721881433918937,1.039999999999992,0.008007649097645618,0.2708258635114138,call_8ed994ce484f,synthetic,train
0.0739644318819046,0.1101347878575325,0.1655160137076082,0.05727467167602078,0.11378087103366852,0.07773470878601074,1470.103426529055,508.6599910373021,1077.4665881275348,217.1114383542738,2761.4102242302542,833.2155893429655,19.037109479309255,-343.1828308105469,198.84616088867188,27.941558837890625,39.96759033203125,2.250103712081909,17.579919815063477,11.001441955566406,19.271432876586914,-10.435920715332031,18.352703094482422,-0.8763335347175598,9.153910636901855,-6.671123504638672,12.264296531677246,1.8773826360702515,8.424638748168945,-3.702979803085327,9.780701637268066,0.757335901260376,6.220458030700684,-1.5272032022476196,7.6670660972595215,-3.0709095001220703,7.75845193862915,-4.921976566314697,9.457775115966797,123.12088024545338,32.20935236355398,0.37929495760821064,7.374305338862523,9,5.424444444444446,4.800534949614378,0.3405412946428572,19,3.3684210526315788,7.979999999999996,8.291291563409988,1.8600000000000136,0.008370535714285745,0.2214006696428571,call_9083846f078a,synthetic,train
0.03232981264591217,0.07712839543819427,0.058789271167200854,0.07650251808615892,0.04178951308131218,0.06927435845136642,763.1462623473426,573.8028184884038,722.8939791181102,510.3889152114645,1634.1663327991453,1244.4125189149784,21.816573488941124,-441.7861328125,146.8028106689453,18.184635162353516,33.67717742919922,1.7739322185516357,12.454998970031738,0.6790939569473267,11.330570220947266,-5.552448749542236,15.243903160095215,-2.454310178756714,9.81711483001709,-3.3971011638641357,9.583251953125,-2.4409914016723633,8.362377166748047,-1.4032784700393677,6.328611850738525,-0.09817810356616974,4.602558612823486,-0.05711234360933304,4.506139755249023,0.3876822888851166,3.616624593734741,-0.8128530979156494,5.117896556854248,137.73915887811052,49.02246941387047,0.2123931623931624,13.509768395803851,15,1.7839999999999983,1.4593185624347635,0.17873363612075857,23,3.0539130434782624,4.915238095238094,4.85187800561864,0.54,0.006411969008816534,0.358535933742987,call_924e8a27e4de,human,train
0.012674559839069843,0.02848002314567566,0.035586369688677025,0.06644238227265253,0.00966008473187685,0.04395508021116257,298.07120520563626,475.6526044435308,293.34823346683805,417.2266002253106,566.9248764124294,940.6919674593353,27.9592557467687,-520.4608154296875,149.93055725097656,20.913965225219727,37.83108139038086,1.0027347803115845,17.29045867919922,-2.640582799911499,11.661349296569824,-8.282208442687988,21.930496215820312,-1.0361543893814087,8.617719650268555,-4.244452953338623,13.656882286071777,-0.305617094039917,6.818291187286377,-2.5885772705078125,9.682374000549316,0.6547070145606995,5.128538608551025,-0.4472135007381439,6.163992404937744,0.549457311630249,4.689452171325684,-0.16507641971111298,5.4779744148254395,215.64409471216516,84.59287441314359,0.18408662900188325,24.060827827514135,12,2.310000000000002,1.826444633707794,0.204003532528702,20,3.9520000000000004,4.609999999999999,4.501793469767849,0.7399999999999949,0.009125699146305632,0.2234324403885779,call_9741efdd34af,human,train
0.045659661293029785,0.08517545461654663,0.18256015851230695,0.03829343281276872,0.127750426530838,0.07566867023706436,1582.7493231463059,438.5161091215352,1090.7432696447786,230.35017847733732,2901.3181708494208,774.8456998940849,18.231236768312087,-395.3786315917969,156.84725952148438,18.343360900878906,33.68614196777344,-4.420415878295898,17.42758560180664,-2.1705942153930664,8.366425514221191,-15.969841957092285,30.413841247558594,-3.5628249645233154,10.326395034790039,-6.262722015380859,14.254742622375488,-0.5682418346405029,5.986511707305908,-5.797733783721924,12.095934867858887,-1.924385666847229,6.202108383178711,-2.8078906536102295,7.644661903381348,-3.4289391040802,7.553258419036865,-1.5268535614013672,4.93888521194458,211.5660323795098,68.44342924822787,0.2828185328185328,14.780344346951324,13,2.481538461538461,2.7538891272968464,0.24336149668074827,21,3.2161904761904787,3.0442105263157875,1.9941343347809726,1.6199999999999974,0.031532890766445325,0.2786662643331319,call_91a25cd95998,synthetic,train
0.014178751967847347,0.02755085378885269,0.16032890090913407,0.11852500202880122,0.1224811002612114,0.14738492667675018,1005.0229366658817,664.1239891403535,725.788171308194,466.4245836593681,1889.2882999430308,1269.37689799548,20.679507731301427,-455.772705078125,154.933349609375,28.81793785095215,30.201751708984375,-17.506038665771484,28.77457618713379,-12.138318061828613,17.051780700683594,-8.41164493560791,18.298402786254883,-0.8024300336837769,10.336474418640137,-7.744191646575928,14.080781936645508,-1.2836743593215942,7.2390923500061035,-5.622107982635498,9.915796279907227,3.0649020671844482,6.345182418823242,-3.208942174911499,6.7700324058532715,-1.808169960975647,6.348464012145996,-2.5653536319732666,6.2283501625061035,211.15884807896785,120.51887685456204,0.2157235093049753,29.570248731394116,31,1.543870967741935,1.4051097475661884,0.28403560830860525,25,3.3496000000000015,3.611666666666666,4.183363545707636,0.03999999999999204,0.0545994065281897,0.27359050445103816,call_94a8c8502249,human,train
0.06180509552359581,0.1058766096830368,0.17596565118715085,0.06138958433132511,0.1179337203502655,0.08090470731258392,1441.7565088509014,587.4331536282677,1059.327359003127,256.01845564032214,2663.372905027933,1028.2942051771472,18.406952513485187,-360.13916015625,164.0851287841797,34.07505798339844,51.826839447021484,9.411319732666016,21.319435119628906,10.687532424926758,21.447826385498047,-3.871976852416992,13.104891777038574,-1.546891689300537,8.829719543457031,-7.508754730224609,13.974432945251465,-3.1077375411987305,10.292098045349121,-2.8805630207061768,8.570354461669922,-1.102972388267517,6.225663185119629,-0.7875738143920898,6.519500255584717,-0.7273536324501038,5.234360694885254,-3.812987804412842,7.627057075500488,105.68114136761763,20.095411288603007,0.3426443202979516,6.288709993118736,12,4.518333333333336,5.53494027871023,0.3156362789614625,21,3.949523809523808,3.4111111111111123,1.9193890488870808,1.7600000000000007,0.012574222843171624,0.2141110723017815,call_927c1f5f2007,synthetic,train
0.010190124623477459,0.03102649189531803,0.19516260710155592,0.04457272904078382,0.1525593250989914,0.053934622555971146,1722.2280911390453,352.08328969599694,1167.178404559686,158.23355285087365,3134.670350609756,588.0204987435075,17.09248082616743,-536.4962158203125,138.0475311279297,12.026981353759766,29.534616470336914,2.0500855445861816,12.329890251159668,3.7103049755096436,11.857304573059082,-1.263290524482727,10.792791366577148,1.298909068107605,4.705589771270752,-1.8645267486572266,11.114253997802734,0.7047976851463318,5.06826639175415,-0.5091840028762817,7.2502217292785645,1.4828451871871948,4.771520614624023,0.4741450250148773,4.442528247833252,1.0072823762893677,3.495354652404785,0.4414927363395691,4.85974645614624,100.22171121937626,28.808070477060692,0.24222035323801513,12.266062624334003,8,1.8800000000000017,1.1212047092302093,0.09883033250098576,26,2.7569230769230777,10.716363636363637,9.238273424605303,1.3399999999999999,0.008673938756735399,0.4388224471021157,call_9491f635b944,synthetic,train
0.04626820236444473,0.07412685453891754,0.1850402989744832,0.046382443950847764,0.11487562954425812,0.08001180738210678,1529.2916569073125,428.3207778958724,1065.2688913378925,226.97655523196883,2812.419250645995,751.9548226036029,19.068187255377218,-370.5571594238281,178.7637176513672,21.786603927612305,32.02104949951172,-7.003860950469971,25.969133377075195,-0.1957651823759079,12.06563949584961,-19.61304473876953,31.796571731567383,-5.174838542938232,12.088194847106934,-11.522367477416992,19.036359786987305,0.9196907877922058,7.286602973937988,-7.679352760314941,13.262255668640137,-0.19827325642108917,6.5241217613220215,-6.093020915985107,10.516539573669434,-3.501995325088501,7.456905841827393,-4.761406898498535,8.526313781738281,206.68777408424688,67.43428033012233,0.400947459086994,14.904433451264463,10,5.368000000000001,5.8794231009513185,0.3612382234185735,11,7.0545454545454565,3.517999999999998,2.858355471245662,1.6800000000000068,0.025975773889636795,0.1425302826379542,call_957a8384caff,synthetic,val
0.02395043522119522,0.04683505371212959,0.09244262633316404,0.10555441689683727,0.05963961407542229,0.10623130947351456,765.7412566760378,712.9269447080135,641.7235870142368,553.3739238347634,1512.6848971559168,1419.5588157377797,23.32961503547081,-461.38006591796875,168.12109375,24.97490882873535,38.091068267822266,0.14251841604709625,23.639774322509766,-3.0464327335357666,16.88116455078125,-3.7989625930786133,15.97491455078125,-3.0654256343841553,10.639336585998535,-1.1223920583724976,9.108054161071777,-2.1447653770446777,8.100512504577637,-3.494544744491577,9.701690673828125,0.1504039168357849,5.538657188415527,-3.3840436935424805,8.87459659576416,-0.8646918535232544,5.589643478393555,-2.6724629402160645,7.307763576507568,184.41611986911803,74.00817187857712,0.28643981716607414,19.399714891568337,15,2.0066666666666664,1.6706352750442632,0.23896475071451254,15,5.11866666666667,5.381666666666667,8.026433239961293,0.9199999999999982,0.020641473483645627,0.1721181327405522,call_989dad5aa1af,human,train
0.039733827114105225,0.05401747301220894,0.1694359951331967,0.03968224512244636,0.027987193316221237,0.017746858298778534,984.2736051497259,176.133194029288,781.6530427154937,117.46207425979752,1844.236680327869,367.9975767248724,21.531883521453345,-225.09463500976562,83.5044937133789,78.1705093383789,18.81566619873047,-24.77742576599121,24.97517967224121,9.493115425109863,14.268507957458496,-38.32758712768555,17.487682342529297,-18.082048416137695,12.04231071472168,-21.29928970336914,14.056997299194336,1.4020931720733643,11.181341171264648,-12.247825622558594,11.26463508605957,-4.686866760253906,9.093352317810059,-10.850634574890137,9.20908260345459,-9.959487915039062,8.297853469848633,-11.993064880371094,7.5709228515625,211.2165537536165,64.28408600249867,0.24918032786885247,16.740897140936642,43,1.4906976744186051,1.8344473793676948,0.27369769427839463,21,4.068571428571435,3.2842105263157904,2.7890279683628605,0.1599999999999966,0.04816396242527771,0.40964987190435476,call_925ba94f05a4,synthetic,val
0.057874199002981186,0.09312789142131805,0.1609674767602848,0.051506984719711386,0.02617553062736988,0.017513394355773926,906.6771704328032,236.93697867418018,750.1527934307697,149.75319582746792,1711.423132346293,442.9385855084297,21.56905317300107,-205.3662567138672,92.44147491455078,84.76275634765625,22.671968460083008,-20.943458557128906,26.242050170898438,16.13306999206543,15.69040298461914,-33.067604064941406,15.870549201965332,-15.836760520935059,12.176284790039062,-18.54205322265625,11.944051742553711,1.0475099086761475,12.098566055297852,-10.260885238647461,10.338096618652344,-4.682994365692139,8.868382453918457,-8.626757621765137,8.727468490600586,-8.274465560913086,8.221379280090332,-11.777377128601074,7.695137023925781,119.42568892721692,36.46379617708299,0.2038878842676311,12.233348790553261,33,1.0127272727272725,1.2590118124154577,0.23615036743923115,13,3.6107692307692307,1.6415384615384607,0.9144804843259504,0.1799999999999926,0.030525720746184228,0.4626907857546636,call_97701e543c60,synthetic,train
0.00892267283052206,0.022385399788618088,0.08589577736600207,0.10006329403005133,0.08482973277568817,0.14697088301181793,758.5641739282963,734.581668657296,623.3007674933938,565.7490229341086,1507.8367749870533,1461.730110841777,25.08507239253378,-513.3854370117188,130.28005981445312,15.72657299041748,24.910240173339844,3.4625957012176514,16.604801177978516,-0.4240664541721344,10.977816581726074,-6.637605667114258,21.572795867919922,-0.45490702986717224,8.647658348083496,-2.5626935958862305,9.86967945098877,-0.6073132753372192,5.8749871253967285,-2.353693723678589,8.397531509399414,0.1288730949163437,4.80141019821167,-1.2878458499908447,6.042651653289795,-1.13673996925354,6.054708480834961,-0.8674179911613464,5.225100517272949,169.86972577140753,80.56164380848088,0.2594510616261005,15.784770263305457,11,1.8381818181818195,1.2086191834397275,0.16369818652849752,22,3.3772727272727265,4.8,4.613875553051643,0.8200000000000074,0.01975388601036278,0.2545336787564768,call_9bb847dfc83e,human,val
0.027644997462630272,0.05277397856116295,0.2650136133585359,0.08314532477024035,0.33887922763824463,0.19971583783626556,1487.9398078444283,398.247911657633,1107.7272533410946,215.14070481094546,2862.90034094121,773.4924718447204,15.737347017063575,-441.7666015625,164.5445556640625,26.6862850189209,34.53274917602539,3.7519371509552,18.43597412109375,-2.8791933059692383,12.199195861816406,-6.126672744750977,15.311052322387695,-1.1930503845214844,7.030951499938965,-4.564401149749756,12.011101722717285,-2.2342851161956787,6.820392608642578,-1.7827799320220947,5.562328338623047,-2.1175668239593506,5.507249355316162,-1.4034504890441895,4.905362129211426,-3.140737533569336,6.910980224609375,-0.9582132697105408,4.450850486755371,133.01935580861604,72.0190917398183,0.7444884115319389,13.585958722228526,22,2.539999999999999,2.7599604740252732,0.2468415937803692,34,3.2670588235294113,4.5218181818181815,3.6381425951575492,1.0,0.02076155137379619,0.2832405689548547,call_95ccefc6e4ce,human,val
0.015421619638800621,0.031733497977256775,0.1428716764824714,0.12910729970004536,0.10575112700462341,0.14520393311977386,1054.7183116336303,803.7473581447604,750.3090497196429,514.9890409983192,1899.1095847836898,1403.2110213229364,22.22641504490536,-489.2720947265625,176.3896484375,26.127458572387695,36.907493591308594,-7.7996978759765625,28.146484375,-1.4393500089645386,16.968395233154297,-2.6166679859161377,19.51111602783203,-4.845479488372803,13.30650806427002,-3.2678680419921875,12.482937812805176,-6.019567966461182,12.320906639099121,-1.1969548463821411,7.92694091796875,-1.104740858078003,7.419461727142334,-1.7328941822052002,6.77238655090332,0.9577553868293762,6.112945079803467,-1.943624496459961,6.988080978393555,120.8692925785514,44.398087143447256,0.19443063152660367,15.045709092832169,22,1.5554545454545456,2.16792260695627,0.26597233017254784,17,3.785882352941177,2.663750000000001,2.417707785796291,0.480000000000004,0.0407274988341364,0.2745219959583397,call_9f11e2c5441c,human,val
0.034415896981954575,0.053990159183740616,0.18149077854252166,0.05648179022314909,0.12205300480127335,0.07617633044719696,1524.0566511546922,480.3540337785541,1079.2939304953902,225.9363523946951,2816.156876994984,806.1940659733817,18.669602227902942,-439.7381896972656,220.08316040039062,28.587839126586914,41.38206100463867,-0.6499851942062378,19.204938888549805,9.039384841918945,18.70279312133789,-8.777377128601074,19.892723083496094,-1.1802104711532593,9.318325996398926,-9.491427421569824,18.53016471862793,-0.6053685545921326,8.950970649719238,-5.479345321655273,12.221338272094727,0.36994096636772156,6.433593273162842,-1.35945725440979,7.385483741760254,-1.1020060777664185,6.1850409507751465,-1.9613908529281616,7.7692718505859375,131.39678469503448,35.43362748328032,0.3068855449156407,10.384042746759919,9,4.900000000000001,1.734999199487484,0.31428164196123154,11,6.056363636363636,4.956363636363639,6.3137703369514995,1.8999999999999995,0.003278221208665862,0.21422462941847198,call_9c2dbbd1fe2e,synthetic,train
0.042617619037628174,0.07145614176988602,0.17595762535646386,0.059316965846517966,0.12682722508907318,0.08121893554925919,1522.0853406947235,494.12058419260467,1103.136229987568,202.85373267030218,2859.957554393747,782.1327822464426,18.545115649705583,-422.1040344238281,196.80360412597656,23.972124099731445,37.679595947265625,5.090967178344727,16.2409610748291,10.123454093933105,17.293441772460938,-9.928107261657715,19.412450790405273,0.5720154643058777,6.7837748527526855,-5.145939350128174,11.515070915222168,1.4598193168640137,5.8256683349609375,-2.8149757385253906,9.115435600280762,0.4237469434738159,5.331247806549072,-1.6188489198684692,6.818675518035889,-1.6998507976531982,6.485105514526367,-2.8326289653778076,7.457258224487305,118.2993617904299,23.197914334450584,0.32234896493451626,8.725592765033097,18,2.3277777777777775,1.3543532919833636,0.2766041721679429,23,3.1095652173913053,5.639130434782611,4.296010194550572,2.1999999999999957,0.00858199102191716,0.2598362820174279,call_9dc1a304389f,synthetic,train
0.029445212334394455,0.051072895526885986,0.25658888697482124,0.08701487330580722,0.3145492970943451,0.20251132547855377,1446.8677321734597,401.0219469257635,1103.6168515770898,192.2366796230457,2808.619357121573,777.7762597609853,16.02158794682839,-434.4176025390625,166.90283203125,30.71293067932129,35.025672912597656,7.398134231567383,19.601613998413086,-2.1746225357055664,11.66186237335205,-8.140299797058105,17.82304573059082,-2.0298099517822266,8.835707664489746,-4.444574356079102,11.18096923828125,-2.259207248687744,6.952725410461426,-3.897651433944702,7.525254249572754,-2.415214776992798,6.209476947784424,-2.870842933654785,6.43294095993042,-2.942626714706421,6.541416168212891,-2.3574914932250977,5.588817119598389,135.83157026783178,73.04765231884318,0.8197258641239571,14.014102612116215,25,2.4511999999999987,2.0196956602419114,0.28539493293591633,20,5.534999999999999,5.977999999999999,6.890398827353901,0.21999999999999886,0.006706408345752482,0.2057563338301044,call_9a3d5b0a64a3,human,val
0.06543135643005371,0.08954278379678726,0.1648351895905421,0.04675970113747484,0.02757871337234974,0.015919260680675507,956.4884811599883,190.198841466568,778.6457615708764,126.69118117359496,1811.562860438293,379.59839553940543,21.615715646690898,-177.67356872558594,92.81909942626953,81.74241638183594,19.634031295776367,-23.71873664855957,24.811594009399414,15.508609771728516,15.58660888671875,-35.6224365234375,14.854488372802734,-14.77890682220459,12.675798416137695,-20.03780174255371,12.287137031555176,3.2093746662139893,12.060626029968262,-11.101408958435059,10.567164421081543,-3.707653045654297,9.593173027038574,-9.063332557678223,9.20174789428711,-8.632234573364258,8.334543228149414,-12.200225830078125,7.885923862457275,127.27073283559803,29.695914309608796,0.2370242214532872,11.576543832632241,24,1.1175000000000004,1.014664353370118,0.24170872386445577,20,2.4419999999999993,2.069411764705882,1.2704814769964177,0.1599999999999966,0.06542898341744786,0.38356164383561664,call_a381913d938c,synthetic,train
0.020863689482212067,0.04118414968252182,0.19813069737301958,0.10967997817547498,0.1724577695131302,0.16949129104614258,1339.5012338589868,567.1246446592231,1027.6423904883818,349.64378817907595,2553.305932548928,1090.2458869608122,18.153638175577335,-458.7380676269531,160.14109802246094,32.64690399169922,43.92924880981445,1.2286163568496704,19.882009506225586,-1.40805983543396,18.18297576904297,-7.178408145904541,16.088973999023438,-8.842081069946289,18.306041717529297,-7.164001941680908,15.082642555236816,-5.617067337036133,12.773554801940918,-1.6882349252700806,8.987321853637695,-1.9399757385253906,7.81341552734375,-0.8862231969833374,6.045044898986816,1.4585362672805786,5.58837366104126,-2.445188045501709,7.101490020751953,107.4774185635973,63.484715807714956,0.30894687791239517,15.676920305954482,17,2.247058823529411,2.209412391154457,0.27826340326340315,18,4.201111111111113,3.403529411764705,3.4677080770962356,0.7399999999999949,0.020979020979020945,0.19187062937062915,call_a2aa58c1750b,human,train
0.019976753741502762,0.043849099427461624,0.2733753263128548,0.08818926306560772,0.2915188670158386,0.1679016798734665,1521.9078615112983,402.0336470387702,1090.0038008416004,186.6306910660015,2841.788954785077,720.4137922974197,16.661596174350436,-456.517578125,157.18832397460938,25.65884780883789,38.637672424316406,1.1653509140014648,20.4864501953125,0.4704453647136688,12.466863632202148,0.25312376022338867,11.70029354095459,-4.853360176086426,11.524079322814941,-3.178347587585449,9.905360221862793,-2.8998515605926514,8.621644973754883,-3.3690106868743896,7.541206359863281,-1.3034734725952148,5.564289569854736,-1.38840913772583,5.567016124725342,-1.6077953577041626,4.772480010986328,-1.7183680534362793,4.918203353881836,106.29001888646742,38.183314713675976,0.4630981346309814,13.405209982693767,21,1.8352380952380958,1.4967635530660306,0.24423320659062112,23,3.7304347826086937,4.175999999999999,3.449438215130111,0.10000000000000142,0.027883396704689502,0.23992395437262382,call_a0fbbe7bfec4,human,train
0.025006618350744247,0.035956114530563354,0.09060499325333027,0.02403132601301376,0.014198066666722298,0.009368536062538624,662.0689377314159,150.7846162595149,696.4708268086704,107.92571541418035,1310.4562614836932,344.93475356282715,19.144626996403566,-303.0651550292969,96.81513977050781,127.20716857910156,24.287433624267578,-14.949771881103516,15.568947792053223,22.793474197387695,11.934039115905762,2.159547805786133,17.587865829467773,7.1916584968566895,9.896554946899414,-2.0950114727020264,13.86020565032959,0.5245725512504578,7.203855991363525,-6.506944179534912,8.658905982971191,0.45611289143562317,5.968314170837402,-4.501025676727295,5.686059951782227,-3.0012712478637695,4.530455589294434,-3.328629732131958,4.996663570404053,89.9233377134816,28.496380508760232,0.9462563160312356,8.911851628447382,20,1.2360000000000013,1.0968609756938204,0.17745872218234046,18,3.5322222222222233,6.788888888888888,5.160199058271652,1.8999999999999986,0.014357501794687724,0.3804737975592245,call_a426226cf8b9,synthetic,train
0.039979465305805206,0.08036553114652634,0.19366824804493546,0.047136604129564406,0.1389193832874298,0.0686870887875557,1641.1735288015716,404.5450671929708,1132.169291218471,184.0533319492892,3004.9070568520356,677.9435249392424,17.785658566951607,-416.2416687011719,185.51710510253906,17.70816421508789,35.79412078857422,0.6766232252120972,17.62177848815918,5.6254048347473145,16.93221092224121,-6.794825077056885,18.167112350463867,1.1412664651870728,7.2828898429870605,-5.083583831787109,14.018989562988281,1.3303629159927368,6.55040168762207,-2.4176950454711914,8.635602951049805,0.6858945488929749,6.863755702972412,-0.818236768245697,6.7772369384765625,-0.822496771812439,5.765603065490723,-2.4239871501922607,7.478704929351807,121.73569544114204,35.23577211874953,0.23535253227408143,14.505466503778973,11,2.4854545454545462,1.3323415043814846,0.21220117975783923,15,4.530666666666665,2.7800000000000016,1.4359539116432798,1.8400000000000034,0.006519714374417909,0.2668425954672464,call_a3a1f51a4bf9,synthetic,val
0.018601490184664726,0.0343865230679512,0.07233761732081911,0.09421392072794381,0.031251728534698486,0.07217739522457123,614.5194943927297,634.4247900055489,584.8635208968582,524.4255943073886,1262.142704778157,1285.920596642686,24.22162262693096,-486.9280700683594,171.5248565673828,31.874147415161133,43.5078010559082,11.546684265136719,22.99180793762207,7.662444114685059,14.948265075683594,-5.434009075164795,18.777727127075195,-3.5405259132385254,11.701842308044434,-3.867230176925659,11.746586799621582,-2.4200615882873535,9.295788764953613,-3.2660672664642334,8.415682792663574,-0.5552213788032532,6.422798156738281,-2.1693553924560547,6.734193325042725,-2.0189766883850098,7.319825172424316,-1.6318285465240479,6.13409423828125,137.54431749435662,40.09514227865642,0.2273037542662116,9.663914164576402,20,1.476,1.897920967796077,0.3149135907830169,13,3.566153846153846,2.0933333333333337,1.3725726048393785,0.060000000000002274,0.054619159377000265,0.24514614892255182,call_a766613f8c8a,human,train
0.03222174942493439,0.06928778439760208,0.12796780188106796,0.12158682669921311,0.10381890088319778,0.15365898609161377,925.4447472335038,737.9667067303499,695.7828340280219,534.4111486700544,1753.9032160194174,1415.3653506636624,23.371708302913053,-407.59747314453125,159.5755615234375,12.529664039611816,25.543785095214844,-7.643367767333984,25.889083862304688,-3.9101955890655518,13.529744148254395,-5.1239213943481445,16.5447940826416,0.6495326161384583,8.42790412902832,-6.842888355255127,14.864498138427734,-0.41227325797080994,6.004544734954834,-3.426406145095825,8.796958923339844,-0.026185445487499237,4.4992523193359375,-3.2395293712615967,7.473353385925293,-1.2297736406326294,4.909430027008057,-2.379049301147461,6.199098110198975,184.02833000750618,101.00152292281227,0.32233009708737864,18.869849394674713,18,2.247777777777779,2.6606276526738655,0.24553950722175036,22,4.070909090909091,6.218095238095238,6.919476734309032,0.3999999999999986,0.02221143342638667,0.2331593640004852,call_a4683528fef4,human,train
0.017027031630277634,0.03558627516031265,0.19619288203491403,0.04786995635091661,0.14076673984527588,0.0764133483171463,1644.0734910969018,386.21955552838983,1121.2717967841038,204.43396909823142,2999.2977299374675,677.6125658249878,18.071336658407095,-477.0431213378906,163.18746948242188,14.746038436889648,28.5269832611084,-4.438895225524902,19.204524993896484,4.31089973449707,11.018380165100098,-8.597796440124512,21.968616485595703,-1.2858601808547974,8.2996244430542,-6.083683490753174,15.538208961486816,-0.12731121480464935,6.807339668273926,-4.152998924255371,11.641308784484863,0.3075767755508423,5.007548809051514,-1.7073582410812378,7.5034966468811035,-1.0717859268188477,6.249114990234375,-1.0111247301101685,5.676827430725098,175.31316714864653,58.84377211678955,0.2365815528921313,16.305191574531765,15,1.6159999999999997,1.0786213422698432,0.19739413680781756,15,3.6173333333333324,5.62,3.156774725359203,2.8400000000000034,0.0014657980456026615,0.36221498371335537,call_a6481017c744,synthetic,train
0.03240091726183891,0.07354738563299179,0.1870432281853509,0.03646260741808385,0.13700295984745026,0.06891705095767975,1631.6188706003736,407.4287614857236,1117.8771711232607,209.10759365487763,2986.275685939708,712.7417163792254,17.8450270870738,-410.68170166015625,146.33265686035156,16.838764190673828,33.994606018066406,-3.077698230743408,17.677001953125,-2.01870059967041,9.316574096679688,-10.210431098937988,24.285898208618164,-1.708390474319458,7.9948811531066895,-5.719822406768799,14.727028846740723,-0.8535646796226501,5.578320026397705,-4.0222883224487305,10.320378303527832,-0.22386875748634338,4.211784362792969,-2.8101682662963867,8.02309513092041,-1.4393724203109741,5.419478416442871,-2.7300546169281006,7.1706862449646,197.20496288904022,60.758107484437424,0.23174752708431465,15.263094940545507,9,3.0711111111111156,1.5915641813039987,0.20347467608951736,24,3.095000000000001,5.650833333333331,5.018193496889314,1.5,0.0,0.24970553592461664,call_a71916766a4f,synthetic,train
0.0179041288793087,0.035844918340444565,0.3481867692320219,0.12526279257933062,0.23023760318756104,0.15530137717723846,1628.6865597630585,490.66187704644847,979.6809239389589,134.1012956893039,2789.0950690463783,675.7401307197548,17.17688604388765,-400.8551330566406,122.2529525756836,10.234184265136719,45.78997802734375,-19.387287139892578,29.801712036132812,-8.494675636291504,23.232410430908203,-17.194501876831055,14.944853782653809,-2.3731284141540527,14.657491683959961,-5.174282073974609,14.410799980163574,-2.5251641273498535,12.26476764678955,-3.9505724906921387,9.860386848449707,-1.6713308095932007,7.664402008056641,-4.6218156814575195,8.164101600646973,-2.0695886611938477,7.687959671020508,-4.120635032653809,7.918549537658691,254.94269217302352,249.82254626487378,0.19176654507556018,24.34288537444883,30,1.1373333333333335,1.1585362412208875,0.27789542270728135,21,3.5133333333333354,2.2771428571428554,2.335076511150153,0.11999999999999744,0.07476787750447947,0.1959602541130473,call_a7c95e99f3b6,human,val
0.026662567630410194,0.0315496101975441,0.0958467698831243,0.02152778461007547,0.013421604409813881,0.008158569224178791,704.7187367950243,180.53294015940594,705.4786695025568,113.8051395940547,1393.0109155264158,402.426052096294,19.835924552070445,-281.2208251953125,83.75333404541016,124.073974609375,27.60564613342285,-18.59522247314453,16.877201080322266,24.22910499572754,10.242823600769043,-2.166029453277588,21.48387908935547,9.8760404586792,8.18284797668457,-3.8860528469085693,14.673521041870117,0.9544655084609985,7.301003456115723,-6.285783767700195,7.920294761657715,-0.1237439215183258,5.72596549987793,-4.068130016326904,5.536067962646484,-3.2173655033111572,4.936001777648926,-3.343397378921509,5.019886016845703,111.823391622757,58.11388970831758,0.9889775750665146,10.054585315510963,21,2.009523809523808,1.3398168893741231,0.2507129277566538,29,2.8468965517241385,4.081599999999998,3.168247061073363,0.0,0.024714828897338448,0.2835076045627377,call_a7ea289a43fd,synthetic,train
0.055172696709632874,0.09235289692878723,0.190543642812942,0.045380146241255255,0.12084183096885681,0.08143284916877747,1523.2676609042608,468.2011646417089,1067.963526149955,234.04985523551764,2808.528830003536,802.1817051221215,18.584101646883123,-375.63995361328125,171.31661987304688,23.476268768310547,36.85289001464844,-3.6410579681396484,20.190059661865234,1.8954180479049683,9.554429054260254,-16.148000717163086,28.35387420654297,-6.711938381195068,13.8795804977417,-8.769490242004395,17.06093406677246,-1.3578466176986694,6.849204063415527,-6.139458656311035,11.482714653015137,-0.5661226511001587,6.01934814453125,-4.117725849151611,8.268678665161133,-2.5840041637420654,6.516152858734131,-2.9192986488342285,6.489567279815674,209.68561316616515,67.87326680062588,0.3631541725601132,14.685177184447644,15,3.700000000000001,3.281138013962025,0.30669761273209556,19,4.126315789473685,8.599999999999998,6.441884999977968,2.3999999999999915,0.02033598585322727,0.2803934571175949,call_a49598543013,synthetic,train
0.01142929121851921,0.02604912966489792,0.08448600871313673,0.11735380757509066,0.057666998356580734,0.12549135088920593,580.5325653015296,711.3612397230238,455.94130658850924,515.3440485168836,1070.710455764075,1334.4866252934494,24.22861169574544,-509.24200439453125,133.38580322265625,22.361732482910156,38.45325469970703,-0.4519862234592438,18.514835357666016,-4.771914482116699,17.045984268188477,-5.75471305847168,16.7368221282959,-3.8400354385375977,11.6719388961792,-3.64267897605896,13.224037170410156,-0.2942999601364136,6.805572032928467,-2.507606029510498,9.573344230651855,1.086653709411621,4.840715408325195,-1.831891417503357,7.2093281745910645,-0.30083370208740234,5.2345757484436035,-1.3090721368789673,6.5387163162231445,233.49919192641826,292.69496971589547,0.2230563002680965,23.422865527847684,17,1.5447058823529407,1.4433218125807141,0.2201173512154232,18,3.5466666666666655,4.567058823529411,4.011289604436138,0.54,0.026487845766974084,0.2712489522212912,call_abf730747901,human,val
0.03109738603234291,0.07815620303153992,0.17169871954872204,0.05097338654129531,0.1278175711631775,0.0687873363494873,1618.2306485189476,437.2178343225569,1131.9574894633504,222.9688727975598,3005.7957268370606,724.7009987758801,17.971304898561257,-431.83685302734375,143.9623260498047,14.827006340026855,33.503013610839844,2.4853856563568115,10.574331283569336,4.289758205413818,10.829646110534668,-9.393007278442383,24.831409454345703,-2.297489643096924,9.149864196777344,-4.854639053344727,14.019585609436035,-0.15520386397838593,5.692230701446533,0.372636079788208,3.9797515869140625,-0.05461570993065834,4.360071182250977,0.6997055411338806,3.574680805206299,-2.199201822280884,7.108710765838623,-1.063468337059021,4.637438774108887,105.9431161911276,40.2823428757691,0.3073482428115016,14.12875820936097,7,2.102857142857144,2.0435942726041314,0.14702357171394337,15,2.026666666666667,5.272307692307692,6.891156153802835,0.34000000000000075,0.02377147423092289,0.5731122652816619,call_a9d29125d786,synthetic,train
0.014729409478604794,0.026826202869415283,0.17484708371985158,0.05034890716193455,0.11863435804843903,0.07917226105928421,1459.6290676553742,527.9778066945129,1054.428988757718,247.52465086755842,2678.419237012987,957.9425217043637,18.00140816713785,-458.3175354003906,154.55746459960938,35.66084289550781,49.95484924316406,3.081066370010376,20.487167358398438,2.1511952877044678,11.37932014465332,-9.396937370300293,19.414791107177734,-0.7648571729660034,9.455904960632324,-6.036108016967773,14.406126022338867,-0.5436994433403015,7.6197919845581055,-6.6776251792907715,12.630439758300781,-0.5003302097320557,6.757773399353027,-4.157341480255127,9.314846992492676,-0.5127221941947937,6.269608497619629,-3.1601178646087646,7.920602798461914,167.14763534851443,64.01537594025478,0.24749536178107606,19.241920500322003,15,3.844,2.9460500108902887,0.3343771746694502,16,4.433749999999998,3.4787500000000007,2.1489005182883645,1.8799999999999955,0.0064950127580607805,0.26072836928786847,call_a7df1d46e72b,synthetic,train
0.0726473405957222,0.10305778682231903,0.17936409293831168,0.061317499015423875,0.1418675184249878,0.1823406219482422,1422.4644997145617,535.2912542642949,994.1069164902682,314.8313642856692,2619.6164157811886,950.5020831320085,18.834885437227797,-313.61260986328125,210.7112274169922,34.61832046508789,47.51487350463867,-8.009156227111816,26.36368179321289,5.911012172698975,17.67912483215332,-18.798734664916992,28.54475975036621,0.24095562100410461,9.198748588562012,-13.053479194641113,20.36424446105957,-0.7050037384033203,10.023530006408691,-3.4515130519866943,9.040196418762207,-2.086181879043579,8.392355918884277,-0.33490675687789917,5.978173732757568,-4.2317070960998535,8.350190162658691,-2.614563465118408,6.13053560256958,128.00320887896032,40.20615170348565,0.16961826052735143,15.879360148271013,11,5.6800000000000015,6.4757224939138505,0.3843031123139378,17,3.5294117647058805,3.8247058823529434,2.701864536263489,1.8400000000000034,0.010948456144667247,0.2575962603026204,call_a8ca5b456ce4,synthetic,train
0.02180626057088375,0.03405759111046791,0.09336986876370613,0.030865157832216952,0.015390295535326004,0.009130023419857025,672.7239607117867,164.1663055802512,708.5559951015881,119.73934536395159,1328.9109614857457,357.0179189427281,19.127791793477183,-324.2909851074219,102.51052856445312,121.77226257324219,23.4885196685791,-11.863877296447754,14.441390991210938,19.84404182434082,11.733628273010254,4.785429000854492,18.750146865844727,4.177060604095459,10.28713607788086,0.26973870396614075,13.462799072265625,-0.19311483204364777,7.173739910125732,-6.368103981018066,10.2259521484375,-0.5475358366966248,5.676771640777588,-4.241116046905518,5.632567882537842,-3.515883445739746,4.9111199378967285,-3.2337207794189453,5.122865676879883,89.1589113890266,31.82616873246195,0.9166666666666666,9.035947587024904,18,1.1777777777777763,0.9551239335264614,0.18169352074048656,13,4.621538461538463,5.628000000000001,4.551274107324234,1.1999999999999993,0.003942406582104925,0.3073363044223518,call_ad8e23b11d98,synthetic,train
0.03475392982363701,0.07310902327299118,0.12082617271577702,0.059840230810989214,0.1051269993185997,0.06132134795188904,1151.482897862632,280.37306929677015,1074.5273315716988,165.873826269173,2491.1752044769696,611.122904662594,17.569815623443333,-397.103759765625,142.61135864257812,32.80929183959961,33.72869110107422,16.40091323852539,15.841947555541992,6.4638752937316895,12.766687393188477,-5.199356555938721,15.956092834472656,-7.139698505401611,12.00393009185791,-8.390016555786133,9.551738739013672,-9.466005325317383,9.018319129943848,-6.135868072509766,5.442366600036621,-6.247168064117432,5.5526299476623535,-4.156769752502441,4.396169185638428,-4.2967000007629395,5.062716484069824,-2.653392791748047,5.0582661628723145,121.34430763289984,46.82123299136113,0.39603960396039606,14.191220384427949,15,2.2280000000000006,1.9198444381424962,0.22483853606027995,21,3.572380952380952,2.8588235294117643,2.4104133947445647,0.7999999999999972,0.010898815931108703,0.2813509149623251,call_acda78859d0d,human,train
0.017512572929263115,0.04169224947690964,0.19389058207417584,0.0360949496581034,0.14666064083576202,0.0595555379986763,1672.8882765064336,376.27946859600684,1135.9388290363638,201.65893818814533,3045.557177197802,672.585089947792,17.46006721738824,-512.9925537109375,183.730712890625,16.1395320892334,29.851469039916992,-2.3911004066467285,14.57254409790039,3.277543783187866,11.857104301452637,-5.7174882888793945,18.809932708740234,0.7698927521705627,6.028270721435547,-4.693203449249268,15.652323722839355,1.2769134044647217,5.815537452697754,-1.2207632064819336,7.4249162673950195,0.8367140293121338,5.625866413116455,-0.33218303322792053,5.383131504058838,0.025870254263281822,4.766959190368652,-0.2507573962211609,5.178885459899902,132.20077530499407,31.151441135425745,0.1,9.216375531905427,11,1.6272727272727279,1.2340995311937226,0.15372724149776715,11,7.121818181818184,3.0239999999999974,1.2921547894892478,2.0799999999999983,0.034180693919615195,0.2076605977327376,call_adf30039caa2,synthetic,train
0.06569971889257431,0.10496845841407776,0.2113668028583151,0.061449665755149596,0.12528268992900848,0.06976217776536942,1667.5755596622405,334.0082413781539,1112.3311068725493,190.81829188683332,3020.8698030634573,579.4139994185847,18.31089378167645,-367.983642578125,217.00033569335938,10.21467113494873,23.42608070373535,-7.60114860534668,23.98430061340332,-0.5219342112541199,11.93554973602295,-16.368316650390625,29.245515823364258,-0.8799874186515808,9.814236640930176,-11.538620948791504,20.874921798706055,1.6796451807022095,6.680412769317627,-9.58354377746582,16.800521850585938,1.0056617259979248,5.791743755340576,-5.528651714324951,10.893230438232422,-0.4336164593696594,7.172762870788574,-2.969923257827759,9.102660179138184,221.9550110329717,90.79542647316268,0.24901531728665208,21.45273847312887,7,6.337142857142857,5.200960664794023,0.3034614858393761,14,4.895714285714285,11.008571428571427,8.98522824031823,2.280000000000001,0.001915446709536196,0.2295799699001232,call_ac80248cae29,synthetic,train
0.02680162712931633,0.047516703605651855,0.1923281541511194,0.0554679354792317,0.13073314726352692,0.07672876864671707,1560.9666006878977,467.478657921289,1097.8909789525894,214.3531573665101,2875.948383084577,778.5720462435086,17.96981086636496,-454.0561828613281,200.89642333984375,25.732301712036133,41.65351867675781,1.0885884761810303,18.28791618347168,7.446524143218994,16.416976928710938,-6.691154479980469,18.364755630493164,-1.0193418264389038,8.939855575561523,-7.30707311630249,17.200136184692383,0.8858336806297302,9.070565223693848,-4.6552958488464355,11.90735912322998,0.6187419295310974,6.361889839172363,-1.415497899055481,7.3040642738342285,-0.7664653062820435,6.138119220733643,-1.6057325601577759,6.988075256347656,122.52242233417532,30.92438229079305,0.1890547263681592,10.24634773774731,16,2.0812499999999985,1.9803972928430271,0.2589827344843675,22,2.6518181818181814,4.181904761904763,2.8432637501354785,1.7600000000000051,0.03795302535386533,0.325244983667756,call_aed9b45d6c31,synthetic,train
0.0512547492980957,0.08163671940565109,0.18583789770153986,0.04506423263195478,0.1247781366109848,0.08105869591236115,1540.4914818749285,452.5061074905306,1099.6374482685244,198.55256783150472,2868.54442651721,742.9047172271033,18.332037699779946,-380.9502258300781,203.38705444335938,25.090707778930664,38.97449493408203,1.980589509010315,23.6263427734375,10.8626708984375,21.159961700439453,-10.217860221862793,21.271583557128906,1.2720896005630493,8.864253044128418,-6.943563938140869,15.587382316589355,1.6783931255340576,7.906041622161865,-4.00980806350708,9.8377046585083,-0.34378644824028015,8.264147758483887,-1.6552103757858276,7.908024787902832,-2.5528883934020996,7.6840314865112305,-3.5812041759490967,8.449057579040527,125.65967952813585,33.909868872260546,0.28125,10.640656731647258,11,4.014545454545454,2.353690964639322,0.3125265392781315,12,5.138333333333332,7.1916666666666655,4.972735386306235,2.3999999999999986,0.0021231422505307903,0.253220099079972,call_af9ad367dcce,synthetic,val
0.0429689846932888,0.0916522890329361,0.19977389972072818,0.042949599410775204,0.13990455865859985,0.06362125277519226,1694.382031035922,341.74343801534803,1140.2714518199514,196.98526472373177,3086.116893359537,597.7265164674048,17.85879915970992,-407.42877197265625,178.13925170898438,7.751953125,19.29988670349121,-2.941612958908081,18.69135284423828,1.0077567100524902,7.937923908233643,-10.084301948547363,24.252552032470703,-1.035862922668457,7.756292343139648,-7.08794641494751,17.72673988342285,1.5234988927841187,5.671465873718262,-5.884085178375244,14.018463134765625,0.6947717070579529,4.872313499450684,-3.0314197540283203,8.317337989807129,-0.5897876620292664,4.828089714050293,-1.946919322013855,7.035201549530029,199.32822287325945,102.33486479461091,0.23210591642532064,21.821285987371457,12,2.388333333333333,1.1112592956741556,0.18528575122834234,25,3.1943999999999995,5.5256,4.811218623176463,1.7199999999999989,0.013317817429532043,0.31174036720972353,call_b0836ff3142a,synthetic,train
0.047954950481653214,0.07341088354587555,0.11093033030063291,0.05076107072067674,0.018389208242297173,0.01565065048635006,790.521967640449,316.3303938739765,759.0390230197108,171.31947792807597,1535.684335443038,626.5548358182675,19.4880419533641,-285.9139099121094,135.87777709960938,96.6121826171875,34.36583709716797,-2.945707082748413,21.439241409301758,7.296667098999023,10.138381004333496,2.5214734077453613,28.457904815673828,3.4121339321136475,9.523894309997559,-5.404566764831543,20.87346649169922,2.382296323776245,7.1560516357421875,-10.227692604064941,13.445816993713379,1.3145548105239868,6.383877277374268,-8.273275375366211,9.522966384887695,-2.327320098876953,6.025962829589844,-5.728077411651611,8.152606010437012,116.75073261820738,77.52597107937797,0.9144303797468355,12.128818265835683,14,2.2557142857142822,1.6515997192579874,0.24992086103197172,19,2.758947368421052,7.109333333333335,5.976134164788768,0.46000000000000085,0.0068059512503956905,0.34203861981639816,call_b3f14bd5c2b6,synthetic,train
0.04405314475297928,0.06519874930381775,0.19368690682293743,0.044426040742733076,0.11340048909187317,0.0778232291340828,1555.2677351948162,388.79024804489126,1085.9803315881034,207.8175406070004,2864.4722748106815,698.8188560588253,19.498926001893658,-374.8173522949219,197.57598876953125,21.29637908935547,31.179119110107422,-5.15546989440918,26.33781623840332,1.474111557006836,10.802597045898438,-15.647469520568848,25.936479568481445,-2.4486780166625977,9.445425987243652,-9.636455535888672,17.576513290405273,6.124922752380371,9.45830249786377,-9.291555404663086,14.73873233795166,0.2812235951423645,6.83926248550415,-10.85379695892334,15.549196243286133,-3.512913942337036,7.704808712005615,-6.671308517456055,10.808477401733398,195.3096243030475,69.67609620692264,0.346751693901953,15.476989160352776,11,5.669090909090912,6.069832189601074,0.38843901831319316,10,6.711999999999999,4.366000000000002,3.657562576361485,1.8199999999999932,0.0,0.19347203189236317,call_b167dd907a80,synthetic,train
0.029776332899928093,0.07106021046638489,0.2096999896417644,0.06416619361469676,0.2815435826778412,0.14401860535144806,1416.6598699821236,353.5078056574161,1102.254917906337,207.53844177737895,2790.9867414584396,699.8412642666731,16.15189829285793,-429.10223388671875,153.39883422851562,20.733783721923828,38.644500732421875,0.9220171570777893,14.772686958312988,1.7804216146469116,10.231619834899902,-2.7530081272125244,10.466883659362793,-3.652033805847168,9.865463256835938,-7.087204933166504,13.42959976196289,-5.15048885345459,10.000250816345215,-2.9647068977355957,6.133216381072998,-2.9904720783233643,5.8217453956604,-1.2713944911956787,4.812178134918213,-0.7157453298568726,3.671875,-1.795027494430542,4.632685661315918,100.66498525910573,34.634242360509596,0.6562978072412035,14.871172131110955,9,2.551111111111112,1.785873234548451,0.18300653594771246,17,4.2823529411764705,5.615000000000004,5.66333161663698,0.3399999999999963,0.007492427865455125,0.24422126574206904,call_b382ffa5187d,human,train
0.02217007800936699,0.03213781490921974,0.15591863458806818,0.08241150796714133,0.062442246824502945,0.08993463218212128,1027.560184493677,382.193807945711,959.8319970245111,213.21108748767514,2079.4992897727275,810.6492169642148,19.320086214147498,-362.7782287597656,126.8191909790039,78.4053726196289,33.845272064208984,13.403594017028809,30.25204086303711,-0.08085804432630539,24.86833381652832,-3.623281240463257,22.351837158203125,-11.695473670959473,16.8917236328125,-9.248899459838867,17.5393009185791,-12.114380836486816,11.428884506225586,-16.044151306152344,9.596562385559082,-7.712637424468994,8.84475040435791,-12.820951461791992,7.9666643142700195,-8.143420219421387,7.592706203460693,-9.41703987121582,7.043231010437012,188.57947413109528,80.20157602436467,0.32681818181818184,21.432051458298883,23,3.8286956521739124,5.565111276162235,0.625514987924421,20,3.6109999999999998,3.428235294117649,5.178262524067905,0.09999999999999432,0.3044466543543116,0.165932660889331,call_b41c86402714,human,train
0.03908325731754303,0.055829968303442,0.18637142221160527,0.040084707123358,0.12135317176580429,0.07471024245023727,1525.2933444846126,431.42606436093973,1063.5357878240127,225.33893986538396,2792.136737751911,775.8999022498696,18.62424254696275,-409.0318908691406,240.3603515625,30.733041763305664,39.425113677978516,-6.980472087860107,21.241897583007812,5.786419868469238,17.57630729675293,-16.41635513305664,26.928255081176758,-1.0334516763687134,8.852133750915527,-11.909412384033203,19.86813735961914,0.77394700050354,8.383925437927246,-4.528370380401611,9.95811653137207,-0.47892966866493225,6.911303520202637,-1.9787664413452148,6.907888412475586,-2.4286129474639893,7.35186767578125,-2.6847424507141113,6.988468647003174,128.37481016300052,41.152671025711136,0.10284920083391244,16.086800444443696,8,8.317500000000004,5.85411340426541,0.36135549038774867,20,4.074999999999998,8.047999999999996,7.619672958861162,1.7999999999999972,0.0,0.19604648636906685,call_b2594d9c3ffd,synthetic,train
0.051642585545778275,0.08065081387758255,0.173387728002711,0.061996876954132134,0.12548667192459106,0.09044461697340012,1491.2663974357636,504.7096073691305,1093.9063889809156,209.89946680193796,2823.5465287600186,792.4881704858742,18.730827901435323,-398.1670227050781,198.51153564453125,25.139944076538086,37.636661529541016,6.269362926483154,18.412277221679688,11.09732437133789,18.347848892211914,-11.305036544799805,20.35847282409668,-0.16740180552005768,6.847683429718018,-5.985432147979736,12.212369918823242,1.3735344409942627,6.816467761993408,-3.516072988510132,9.676604270935059,0.39304107427597046,5.758335590362549,-1.9153549671173096,7.344051837921143,-1.9261729717254639,6.561679363250732,-3.170985221862793,7.729809284210205,125.28992677405307,20.129890830229723,0.32531824611032534,7.435858977661871,18,2.252222222222223,1.3755021529752351,0.29879127358490576,14,3.795714285714285,17.48142857142857,14.160648621717687,0.4800000000000004,0.010465801886792544,0.3200176886792454,call_b5840ec7dd5e,synthetic,train
0.017138438299298286,0.04138641059398651,0.4768108853582445,0.14855396269780446,0.28807950019836426,0.12340641766786575,1944.0095060957585,482.0339828063548,1224.9061807307073,175.57342129718435,3338.1108034212,718.8224609405646,16.873179182904494,-480.22344970703125,153.31182861328125,12.4224214553833,31.65389060974121,5.6324357986450195,12.796356201171875,2.571450710296631,13.453239440917969,0.26252132654190063,11.794295310974121,-3.8488996028900146,8.776755332946777,-2.137554168701172,13.74959945678711,-0.9372896552085876,5.142880439758301,-1.1732608079910278,9.857421875,0.17639964818954468,3.5050806999206543,1.393056035041809,4.209388256072998,-0.1060057058930397,3.077446222305298,0.9009312391281128,3.589402198791504,1550.5542802570765,757.7827654645857,0.5860908581043186,46.37034958557409,10,1.832,1.2762507590595196,0.1605890603085554,14,4.8728571428571446,2.907272727272726,2.5377194160723806,1.1599999999999966,0.002980364656381392,0.24438990182328157,call_b5c4803ea37c,human,train
0.02347385697066784,0.04945962876081467,0.18564551173443775,0.12409176747125042,0.18182119727134705,0.17973414063453674,1219.6165857918268,646.3035683535873,911.4631200489962,428.0626190537699,2312.8561119477913,1204.0670430509876,19.30832942799787,-447.60467529296875,164.2661895751953,25.481142044067383,39.46990203857422,-2.9120161533355713,26.338504791259766,0.22253265976905823,11.167720794677734,-5.805635452270508,17.07666778564453,-3.1567232608795166,9.584027290344238,-5.687402725219727,12.44681453704834,-2.082390546798706,7.36145544052124,-3.429718494415283,8.04869270324707,-0.9881532192230225,5.144900798797607,-1.673275351524353,5.536085605621338,-1.8514429330825806,5.711116313934326,-2.5645625591278076,6.285633087158203,131.60907937885386,60.29591575575795,0.4506024096385542,14.459679270539432,28,1.4499999999999973,1.2803403565347107,0.25486503452605097,26,3.4299999999999997,2.3672000000000013,1.8661436600647863,0.40000000000000213,0.052228499686126514,0.23753923414940392,call_b5cc1f8d8fee,human,val
0.049853164702653885,0.09374507516622543,0.08854322979191677,0.020627313177211785,0.014112120494246483,0.0075057498179376125,672.4108310161768,157.31548787797152,714.2149725312601,117.41775617756214,1346.3838660464185,381.36658087340896,19.46955420130476,-292.095703125,122.23775482177734,103.17861938476562,19.705299377441406,2.3512609004974365,13.359515190124512,10.547072410583496,12.844498634338379,8.460945129394531,22.162822723388672,5.054647445678711,7.399540424346924,0.17108669877052307,12.009726524353027,2.3592324256896973,7.477913856506348,-4.6700358390808105,6.7480926513671875,0.027028121054172516,6.449803829193115,-3.6560890674591064,5.9286065101623535,-4.843662261962891,5.918832302093506,-4.334773063659668,6.566030979156494,87.95010531362198,24.809418484337062,0.9827931172468988,8.034417972518419,11,2.799999999999997,2.767552249650484,0.19262038774233875,22,4.417272727272728,4.091428571428573,3.2442451403388484,1.5200000000000102,0.009130706691682174,0.20875547217010626,call_b7c3a7552903,synthetic,train
0.013399402610957623,0.02949976548552513,0.1868892966498559,0.07795688972364118,0.1871151328086853,0.12624502182006836,1380.984185798563,479.7110145362283,1056.0558140641242,313.7912527923273,2690.5769692603267,901.5080238453254,17.57014230206211,-481.24053955078125,158.77078247070312,30.35826873779297,28.03720474243164,6.010468482971191,19.740795135498047,3.848562479019165,13.392240524291992,-5.905002117156982,16.08404541015625,-5.801542282104492,11.652348518371582,-6.905003547668457,10.865621566772461,-5.569485187530518,9.590197563171387,-3.320645570755005,7.84987211227417,-0.3219381272792816,5.386449813842773,-1.597333312034607,5.934248924255371,-1.2954869270324707,5.475377559661865,-2.550114154815674,6.572011470794678,104.16349362250394,38.762525488251725,0.3703170028818444,15.87806760651785,18,1.8099999999999998,1.5799050604387594,0.2445578741930641,19,3.913684210526314,4.0344444444444445,5.755116778641634,0.9000000000000004,0.04308662363008557,0.24035430115598277,call_b78e6c8e05d3,human,train
0.02346193604171276,0.045717716217041016,0.18774005333809718,0.05535500180810584,0.13501162827014923,0.074188731610775,1591.4546878253223,450.6015350706459,1115.4479228068335,203.171183331351,2938.8286673131893,739.5697215454015,17.864847567246702,-421.2901916503906,162.0857696533203,21.28635597229004,39.91523361206055,1.948996663093567,17.226892471313477,6.4715046882629395,15.297043800354004,-6.572032928466797,16.83605194091797,-0.5143009424209595,8.180445671081543,-6.400855541229248,15.154411315917969,-0.8431616425514221,7.973681449890137,-4.441436290740967,10.761425018310547,-0.38388195633888245,5.651188373565674,-1.377810001373291,6.307049751281738,-0.8395568132400513,5.160377502441406,-1.4291880130767822,5.991847991943359,121.40655695037691,32.096448186746294,0.24091465904450796,11.99853318271837,14,2.582857142857143,1.772437500697148,0.2307888690324228,23,3.125217391304349,5.985714285714283,3.2053030039200294,2.8799999999999955,0.005999489405157038,0.316441153944345,call_b72eccd91b8c,synthetic,train
0.04568356275558472,0.10116006433963776,0.18376701885165106,0.0499435954867206,0.13557691872119904,0.07048370689153671,1574.657010540649,516.45056144336,1110.8678800425823,224.8191156470949,2883.917570231641,899.593328685596,17.621927514126053,-392.114013671875,148.1668701171875,21.906538009643555,44.62052917480469,5.083681106567383,16.11480712890625,6.830535411834717,16.8178768157959,-2.2099685668945312,9.96866512298584,-0.9412795305252075,7.018465518951416,-4.138326168060303,10.587367057800293,-1.1189603805541992,7.60058069229126,-1.9799102544784546,7.492745876312256,-0.5799697041511536,4.974204063415527,-0.6023601293563843,5.309188365936279,-0.2784768342971802,4.037436485290527,-2.2022414207458496,5.937530994415283,104.17668220303155,22.597389278127068,0.2503696402168556,8.843678494968627,15,1.6373333333333326,1.356876150902832,0.18921417565485352,23,2.856521739130435,4.1921739130434785,3.3455108877702133,0.8200000000000003,0.023420647149460728,0.3280431432973807,call_b956718b62ae,synthetic,train
0.027451420202851295,0.0586523711681366,0.21041528734110168,0.10150147466162292,0.22562259435653687,0.17751087248325348,1362.40811514438,518.7929137531484,1005.7741072115355,338.78066461947066,2585.41843220339,986.8220659978739,17.826205104111025,-433.9209289550781,163.5499725341797,21.554826736450195,36.591651916503906,-5.163496017456055,25.2686824798584,-0.5479832887649536,11.489104270935059,-6.827949047088623,18.60845375061035,-1.6945322751998901,8.029938697814941,-6.8606157302856445,13.878446578979492,-2.516502857208252,7.149179458618164,-3.23309326171875,7.934961318969727,-0.8503188490867615,4.481480121612549,-1.9065836668014526,5.470271587371826,-1.8384435176849365,5.276617050170898,-2.073913097381592,5.748138427734375,132.0322835331069,69.9563098388607,0.5040677966101695,15.56283695720072,24,1.8491666666666646,1.3663330385459556,0.23513828547207774,30,3.521999999999999,4.757931034482756,5.048357451762007,0.4399999999999977,0.04461163505351277,0.2496556108932927,call_b658b1155216,human,val
0.06385572999715805,0.07446073740720749,0.16595082505841122,0.04106638963421987,0.028229957446455956,0.016215145587921143,968.9802048638678,184.5015448282111,789.1875500702673,114.30470449311805,1840.4996592679129,364.80883667787094,21.53705474849538,-179.92283630371094,100.4871826171875,85.01960754394531,20.11197280883789,-24.514934539794922,25.252809524536133,19.803762435913086,17.231063842773438,-37.839359283447266,15.915181159973145,-12.231965065002441,13.227617263793945,-21.623592376708984,12.444658279418945,3.686845302581787,12.182425498962402,-12.28659439086914,10.680441856384277,-3.305581569671631,9.793168067932129,-9.670555114746094,9.369452476501465,-7.676432132720947,8.720316886901855,-12.800333023071289,8.098652839660645,125.73372177189495,33.30030381965682,0.24236760124610593,11.135177876448013,41,1.5380487804878054,1.5528466692201988,0.3070406076541046,15,5.288000000000001,3.3573333333333326,2.161306600698343,0.3399999999999892,0.04450287272373171,0.35125133898140026,call_b712f501aeb8,synthetic,val
0.01576167158782482,0.017231257632374763,0.09057197701890034,0.019563385424060595,0.013490192592144012,0.010239175520837307,642.9415055689503,115.31385032213828,681.5618517976982,84.70230832793847,1245.413623997709,269.1463789720553,19.036717501980707,-313.0434265136719,64.88511657714844,131.7744903564453,17.868371963500977,-14.304468154907227,15.72386360168457,19.74331283569336,8.378388404846191,1.6037225723266602,15.158868789672852,8.183398246765137,7.937837600708008,-0.511766791343689,10.259614944458008,0.9808637499809265,5.68681526184082,-6.845849990844727,8.498871803283691,0.5177035927772522,5.305893898010254,-6.324331283569336,6.400357723236084,-2.3587634563446045,5.168558597564697,-4.565184116363525,5.095995903015137,103.9420012695452,54.365885944037096,0.9324169530355098,12.250235176718599,18,1.441111111111112,1.1519157419460895,0.23218761188686016,17,3.094117647058825,6.512941176470586,5.713813771910068,2.280000000000001,0.008592910848549955,0.3055853920515571,call_bc24a38d8bf2,synthetic,train
0.016412625089287758,0.030924255028367043,0.1340660420773423,0.12613833213020806,0.06964411586523056,0.1085619330406189,1037.9426536380165,725.0152039756202,801.0290479799977,478.43093526767694,1945.4139610389611,1315.0417072403534,20.93895732959991,-478.1666259765625,161.90548706054688,23.0144100189209,35.71541213989258,1.5209723711013794,25.639673233032227,1.4373133182525635,16.040054321289062,-9.649027824401855,20.8851375579834,-3.7069597244262695,11.39472484588623,-5.052209377288818,15.104401588439941,-2.47754168510437,9.731006622314453,-4.421574115753174,11.17740535736084,-1.5427583456039429,8.086507797241211,-1.8684890270233154,7.854058742523193,0.20872429013252258,6.4863810539245605,-0.7887699604034424,7.015909671783447,440.2725570113129,568.5947247527242,0.24628942486085342,45.929128152637425,33,1.3230303030303041,2.062549885308172,0.31651442656227374,23,3.348695652173914,2.807272727272728,2.819197470941914,0.3399999999999892,0.08496447730897515,0.21009134406263552,call_b96e9305d9a2,human,train
0.0260859876871109,0.04731862246990204,0.043955866703201465,0.07135425369542898,0.009138250723481178,0.026037827134132385,356.9698162649687,521.8998873578822,299.11409699972324,425.2376521110119,691.9988784665579,1029.151566002355,26.712123090472083,-438.4292297363281,192.55316162109375,24.05609893798828,39.15157699584961,-5.059540748596191,22.45013427734375,6.11832332611084,17.19189453125,-9.277552604675293,19.924318313598633,-2.615175485610962,10.54084300994873,-9.279947280883789,18.320859909057617,-4.253965377807617,11.349285125732422,-2.2321066856384277,8.445699691772461,-4.640292167663574,10.657330513000488,-0.28902894258499146,5.693363189697266,-0.8098735809326172,5.607093334197998,-1.5528041124343872,6.456333160400391,113.9545406250653,26.952669113222424,0.09951060358890701,9.994282542393112,24,1.684166666666665,1.1040981110793058,0.25764915859255455,25,3.091999999999999,4.422000000000002,3.913826260834786,0.10000000000000142,0.021290158082611,0.2709077001529836,call_bc7120020303,human,train
0.02086823806166649,0.04135911166667938,0.03470071097400701,0.06466544321227545,0.006638403050601482,0.023477623239159584,279.9221536009158,468.7551846392082,246.8481944585394,402.52269176913694,538.5057681074767,925.817742928739,28.055362937843398,-470.4554443359375,176.97377014160156,21.705137252807617,39.17045974731445,-1.08977472782135,18.328014373779297,2.3401527404785156,14.118329048156738,-7.873879909515381,19.36734962463379,-5.4659271240234375,15.245118141174316,-3.4429337978363037,11.020784378051758,-3.285836696624756,10.803427696228027,-2.7180216312408447,8.92654800415039,-1.8033664226531982,7.657740116119385,-0.00333675486035645,5.127509117126465,0.3425067663192749,4.454834461212158,-0.9835088849067688,6.630997657775879,113.87774711362779,27.820424952014868,0.09345794392523364,11.03300529777188,32,1.9043750000000021,1.1583256706880878,0.2224899598393577,42,3.5138095238095253,7.255263157894738,6.502741825302414,0.3400000000000034,0.024096385542168707,0.26279664110989354,call_bd2262567810,human,train
0.016840362921357155,0.04107670113444328,0.06464739444259011,0.08707860477380676,0.04467613622546196,0.0915461853146553,681.9503925619525,709.9391383813,612.36827073147,552.1302408504092,1368.1771007176235,1407.3924565158386,23.619523112501735,-484.79339599609375,133.15194702148438,20.291831970214844,39.47344207763672,5.758957386016846,15.991629600524902,4.108571529388428,9.517813682556152,-2.1895105838775635,12.403950691223145,-1.1004043817520142,8.257171630859375,-1.5513880252838135,9.6417236328125,-0.05492255464196205,5.55610466003418,-2.2618677616119385,7.935695648193359,0.9184856414794922,4.489950180053711,-2.1060173511505127,7.1675591468811035,-1.0828831195831299,5.879889488220215,-0.2526138424873352,4.309729099273682,133.0479626001673,27.236562901016427,0.16989319092122832,9.387098967283547,20,1.5989999999999995,1.123467400506126,0.1668057583976632,32,3.4749999999999996,4.54193548387097,3.8798681548557146,0.4399999999999977,0.02253286042144802,0.27571458376799507,call_bc2c7c34acea,human,val
0.011741560883820057,0.025650938972830772,0.10781204462961,0.10264579266934991,0.14717547595500946,0.2283705621957779,829.5305492291974,694.9633421855422,687.3945116423632,537.0250531739106,1655.75488819415,1404.607667839646,22.546802549439406,-497.5531005859375,138.99166870117188,24.623098373413086,30.08852767944336,6.632000923156738,19.758188247680664,-0.6140336990356445,12.373003959655762,-8.31981372833252,22.11362075805664,-1.7419859170913696,9.4500732421875,-5.1933512687683105,11.581462860107422,-2.3156685829162598,7.4614667892456055,-4.383410453796387,9.310700416564941,-0.8900067210197449,5.226832389831543,-2.7818171977996826,6.916150093078613,-2.3234500885009766,6.142509937286377,-1.8401377201080322,5.587977409362793,162.1118903084905,82.61127400952583,0.4052564646036456,16.23317743334989,22,1.5118181818181826,1.245627393447086,0.22035245793030356,21,3.746666666666666,3.5578947368421048,2.9715131338611203,0.960000000000008,0.031933218497416274,0.2903140320657215,call_bd98a8224da0,human,val
0.021901754662394524,0.03702710568904877,0.19544273625107203,0.051847360948535925,0.1289236843585968,0.08321014791727066,1575.5254383687889,424.8017266552923,1084.7982392617434,225.8965991858213,2870.405298563465,761.7415673152766,18.74592503384782,-470.9420166015625,193.15798950195312,22.163278579711914,32.9506721496582,-8.067713737487793,24.162153244018555,5.032655239105225,13.626477241516113,-11.356101989746094,24.644594192504883,-1.6994884014129639,9.061545372009277,-9.231823921203613,19.004802703857422,-1.286619782447815,9.014595031738281,-5.354771137237549,12.340004920959473,-1.2731513977050781,7.326623916625977,-2.5815658569335938,8.626851081848145,-1.5736585855484009,7.164357662200928,-2.110450267791748,7.159517765045166,188.5346272902079,59.28679444638842,0.2915951972555746,15.947809756490772,13,3.2769230769230755,3.053954270513973,0.28552278820375326,14,4.895714285714285,3.2290909090909112,1.5140400772013591,1.7800000000000011,0.009517426273458458,0.26461126005361946,call_bba20372ca37,synthetic,train
0.011486594565212727,0.02351401187479496,0.21363670509178323,0.09198259340633919,0.21434034407138824,0.15393877029418945,1403.3781909575468,511.41064867189993,1066.4928158430303,286.4668986504127,2649.9080346736596,1037.6073208507025,17.312793779212612,-503.028564453125,122.04141235351562,43.70518112182617,44.86579513549805,10.118829727172852,18.672435760498047,2.71105694770813,14.655742645263672,-2.44384503364563,14.207499504089355,-7.204564571380615,13.64377498626709,-7.116419792175293,13.16238784790039,-5.154313087463379,8.954649925231934,-5.011795997619629,8.162554740905762,-2.862985849380493,7.217780113220215,-3.7458250522613525,5.9354047775268555,-2.914186477661133,6.68556547164917,-2.72826886177063,5.85736083984375,121.41879819377593,51.296155344124436,0.4836829836829837,12.877838595776847,28,1.3521428571428573,1.1955792294438499,0.22990041292203064,24,3.7499999999999996,2.5226086956521727,2.3230138171580057,0.07999999999998408,0.026232693709011417,0.24981782851590972,call_bac44092a11a,human,train
0.028911905363202095,0.04940374195575714,0.09055865550263478,0.016113408926762798,0.01165509968996048,0.006223149131983519,661.5161346543439,132.55886118509156,680.4564788982703,81.56017813690963,1291.0306673084717,313.623449200548,19.362013826800275,-302.7942810058594,73.25944519042969,117.45394134521484,19.263629913330078,-7.175695896148682,12.345459938049316,10.062051773071289,7.232466220855713,6.274001598358154,25.10199737548828,3.745253801345825,7.660709381103516,2.9791269302368164,11.69532585144043,-0.10813765972852707,5.392177104949951,-4.3716559410095215,6.878091812133789,-0.4705139994621277,4.17882776260376,-4.529020309448242,4.859229564666748,-4.111553192138672,4.809044361114502,-3.117924690246582,3.8185677528381348,110.40786796303536,67.43704381257075,0.9841913254965545,9.90641175461723,15,1.949333333333334,1.7365232186437611,0.18520395236888781,22,3.541818181818181,3.7233333333333323,2.2391392195315696,1.8599999999999994,0.005447175069673143,0.3267038256903978,call_bdfa814252df,synthetic,train
0.04310547932982445,0.09222584217786789,0.1468089525050156,0.05387110922878918,0.11932901293039322,0.07926859706640244,1126.9875567576894,271.1520315670766,1027.1108210061666,183.8305490685706,2389.576599420419,616.1190311238602,18.021089328310307,-380.93670654296875,141.1491241455078,37.009334564208984,31.46489715576172,11.88992977142334,16.809932708740234,6.868493556976318,11.875288009643555,-6.51560640335083,15.589143753051758,-10.773398399353027,15.460431098937988,-10.474844932556152,10.831076622009277,-8.350616455078125,8.268670082092285,-5.342197418212891,6.06973934173584,-6.558342456817627,6.682912349700928,-3.648474931716919,4.946443557739258,-4.244205474853516,5.128300666809082,-4.262761116027832,5.311420440673828,118.60766683163718,53.835664161079634,0.7351761034329024,16.275777109892857,17,1.8917647058823501,1.5446767615193326,0.2241114982578394,21,3.7295238095238097,4.062222222222222,3.5214762617016735,1.0,0.014355400696864173,0.24445993031358915,call_bda847d77eef,human,train
0.02159218303859234,0.05273066833615303,0.18715329142011836,0.11606992242952476,0.1971958577632904,0.18108053505420685,1272.1912787595563,615.2592490871541,965.1406324899101,413.96145500906675,2439.7824981508875,1180.2898020906837,18.47312756114518,-469.75225830078125,154.6848907470703,21.32952308654785,33.33172607421875,-0.6936198472976685,23.52027702331543,-0.6062585115432739,11.04186725616455,-3.7627511024475098,14.765684127807617,-3.7271852493286133,10.203598022460938,-5.7498321533203125,12.577720642089844,-1.1056755781173706,5.40973424911499,-2.6118102073669434,7.480599880218506,-0.3206152617931366,4.392333507537842,-1.0409077405929565,5.035679340362549,-1.3123769760131836,5.441318988800049,-1.6120394468307495,5.735145568847656,133.09173579426246,68.37997047637836,0.36637080867850097,15.569314936959726,19,1.2789473684210535,1.0518049385740995,0.18729767226761226,21,3.558095238095238,2.529473684210526,2.3356583061294924,0.5800000000000054,0.04717126560813952,0.2839525204254665,call_be72006df132,human,val
0.051882170140743256,0.10332783311605453,0.177185960591133,0.05053555592907496,0.13177788257598877,0.07119432091712952,1571.624964782362,473.1420888551782,1116.5656058097497,206.32356823508377,2917.124824067558,779.8340459660299,18.08719020692366,-382.6922912597656,169.9869384765625,18.890544891357422,35.70302200317383,1.9993901252746582,16.504398345947266,6.50466775894165,15.030741691589355,-6.541917324066162,15.480289459228516,0.4194720685482025,6.976747989654541,-4.31768798828125,11.202290534973145,1.0620050430297852,7.122421741485596,-1.9837939739227295,7.748226165771484,0.3201964497566223,5.3679070472717285,-1.239517331123352,5.950863361358643,-2.1804535388946533,6.254263877868652,-2.882493019104004,7.534055233001709,122.67495076295623,24.646936385131138,0.2526389866291344,8.96312850445809,7,2.934285714285713,2.6226641696829542,0.2259625962596258,13,3.4538461538461513,6.71692307692308,6.53503149850026,2.4000000000000057,0.01760176017601754,0.29768976897689814,call_c1cbe639d50f,synthetic,train
0.014957105740904808,0.028544332832098007,0.18479530278879125,0.07433486765533974,0.08838201314210892,0.07392990589141846,1095.52638871524,271.5215604379753,896.400796505434,146.02267552791884,1999.701966352336,585.1613976378202,18.350674899910086,-357.9100646972656,119.95247650146484,73.22201538085938,30.84532356262207,-16.42658042907715,23.74397850036621,-10.00554370880127,16.33802032470703,-11.917524337768555,16.57907485961914,-16.521411895751953,11.580347061157227,-19.36582374572754,9.459428787231445,-12.869909286499023,8.91455078125,-9.1056489944458,8.20950698852539,-6.7689127922058105,7.483737468719482,-9.38944149017334,7.267246246337891,-4.577304363250732,6.031515121459961,-6.839196681976318,6.701338291168213,264.2752168252465,488.29887809737744,0.12944706386626662,20.75019667487608,22,1.7709090909090899,2.189875274760702,0.26098606645230427,17,4.8635294117647065,2.2150000000000016,1.6599774094848405,0.35999999999999943,0.05533226152197232,0.24048767416934647,call_bf4ed1a05c84,human,train
0.03943025693297386,0.08444590121507645,0.20519008757961785,0.0355600218598644,0.1443108320236206,0.06161898374557495,1728.3093967368159,266.1357398328747,1156.053571131919,147.78326566024478,3143.106271713955,456.6782539816053,17.588327062582273,-415.7381896972656,179.42608642578125,6.535832405090332,17.04092025756836,-2.9928081035614014,20.174970626831055,0.9098082184791565,7.482577800750732,-10.750847816467285,25.921833038330078,-0.1453368216753006,7.178404331207275,-6.835869789123535,17.286666870117188,1.1685742139816284,5.658716201782227,-5.8380208015441895,14.011455535888672,0.6060190796852112,4.974155902862549,-3.266547203063965,9.11409854888916,-0.37918350100517273,5.38668155670166,-1.905239224433899,6.78361177444458,225.1825205860494,81.33989989298186,0.15460335842501446,15.094926785772874,11,1.8727272727272721,1.8173561761730648,0.18642533936651579,18,3.453333333333333,2.8520000000000008,1.702168029308505,1.5,0.028959276018099573,0.28000000000000014,call_c1d95df7a179,synthetic,train
0.02764909528195858,0.05103375017642975,0.2623253455528846,0.08331009113461846,0.324314147233963,0.19691087305545807,1470.5081946792905,395.2479247885002,1111.3357474956981,193.74104138318333,2826.5174278846152,798.0509992601519,15.735721033597816,-443.24346923828125,160.4241943359375,28.406091690063477,34.251617431640625,6.177730560302734,18.91437339782715,-4.611838340759277,15.163439750671387,-6.064129829406738,15.944680213928223,-1.368889570236206,7.383004665374756,-3.004746198654175,9.911465644836426,-2.657536506652832,6.746153831481934,-3.3218600749969482,7.373600482940674,-2.1631743907928467,5.9298529624938965,-2.8183915615081787,6.533536434173584,-2.3840997219085693,6.172491073608398,-1.7110579013824463,5.560937404632568,136.10433801144438,77.87163570356711,0.7965384615384615,15.945437340808336,23,1.8339130434782593,1.7305584399775975,0.253516047601875,26,3.196153846153844,3.606666666666669,3.1231856955501174,1.0,0.015266257963697448,0.26229114076211113,call_bf0384ed27ed,human,val
0.04210188239812851,0.07720533758401871,0.18916464150574114,0.04734157301582619,0.13863533735275269,0.09023450314998627,1588.8789757148527,436.7118787802505,1115.7952669913411,203.11951340035412,2938.424778183716,727.1888801413245,18.063507045850386,-402.0726623535156,190.3605194091797,20.237930297851562,36.128448486328125,0.9944539666175842,19.633296966552734,8.339695930480957,18.296314239501953,-7.369702339172363,18.282835006713867,1.0545309782028198,8.382184028625488,-5.95504903793335,14.296765327453613,1.2775360345840454,6.745064735412598,-2.9216742515563965,9.024686813354492,-0.14135265350341797,6.84839391708374,-1.0326480865478516,6.7276811599731445,-1.7939765453338623,6.761921405792236,-2.8625431060791016,7.439550399780273,120.92265485766093,30.44178771969837,0.1582463465553236,12.245417810616754,23,1.5869565217391297,1.0454640524982963,0.23815737961633818,17,4.196470588235293,3.7466666666666653,1.8054830070894863,2.059999999999988,0.03575623124102834,0.33211535951977045,call_c21f9cf2390e,synthetic,val
0.05523890629410744,0.10589532554149628,0.15330222800925927,0.07476828623035596,0.10957610607147217,0.0803510770201683,1351.0711636409808,678.19192036001,969.5726641963955,413.95539841080137,2521.4714928970066,1200.0276699084466,19.98865649449407,-385.23394775390625,181.179931640625,18.779266357421875,34.75071334838867,1.889398217201233,15.076510429382324,7.055299758911133,15.341057777404785,-6.781591892242432,16.296934127807617,0.24846205115318298,7.516340732574463,-4.471193313598633,11.403264045715332,1.8576552867889404,7.570713520050049,-2.7223196029663086,8.053559303283691,0.7125257849693298,5.647418975830078,-0.8819242715835571,5.994623184204102,-1.8882561922073364,6.801632881164551,-2.9149487018585205,7.880777835845947,123.48426589832735,23.06505401424573,0.2617960426179604,8.865708670112289,13,2.1953846153846164,1.8895852837008174,0.22632831086439345,22,2.6290909090909094,3.4869999999999983,2.4499736733279405,1.539999999999992,0.03187946074544021,0.34686756542426633,call_c3417b995627,synthetic,train
0.011536382138729095,0.026490947231650352,0.19702612583174905,0.12128172680669387,0.17026077210903168,0.16812698543071747,1296.5817210320442,600.1693285754357,999.2021973105077,387.1788115779672,2500.037956801859,1137.234970554232,19.09164971518981,-469.9781494140625,123.28821563720703,23.43861961364746,33.81834411621094,7.482252597808838,21.89006233215332,-2.0558176040649414,13.717672348022461,-7.0755438804626465,18.295562744140625,-6.765149116516113,14.086508750915527,-7.667171478271484,14.092700958251953,-3.2764992713928223,10.47170639038086,-5.588271617889404,11.736361503601074,-1.8296771049499512,7.2191362380981445,-2.851332664489746,8.132576942443848,-0.3275286853313446,6.170772075653076,-0.7059417963027954,5.645966053009033,149.29638118237372,92.33087281403982,0.3493874102239121,18.809931010137745,27,1.5859259259259262,1.4907995847599491,0.2827522451135764,26,3.209999999999999,5.827200000000001,6.3392690556561835,0.1599999999999966,0.06048600105652418,0.2266244057052299,call_c337629bcbbb,human,train
0.05224858969449997,0.07720298320055008,0.18476299671225097,0.048759751440978404,0.110211081802845,0.08045227825641632,1508.790373566736,435.27959736263574,1058.937777612933,228.65222215747053,2782.9880832750787,766.3224588598355,19.16853811469345,-352.75604248046875,178.97532653808594,23.833646774291992,33.88145446777344,-6.244091987609863,25.606124877929688,-1.3374669551849365,12.989521980285645,-21.19607925415039,32.07284164428711,-4.911507606506348,12.142314910888672,-12.662508964538574,19.984256744384766,0.6649070978164673,6.922417640686035,-8.387162208557129,13.5024995803833,-0.6968817114830017,6.453397274017334,-7.475406169891357,11.481505393981934,-4.201261520385742,7.679923057556152,-5.033233165740967,8.384143829345703,225.05317582163872,66.8594387650146,0.41244320167773507,16.888046472868307,12,5.900000000000002,6.092164366353442,0.38671618964387167,16,4.452500000000002,4.674999999999995,3.2502269151553085,0.5999999999999943,0.019226567620712388,0.24339086738037996,call_c04725672945,synthetic,val
0.016726192086935043,0.03309521824121475,0.09857069648988073,0.09891797424076469,0.07163236290216446,0.11491896957159042,760.8409141726435,713.0114528369091,597.563799007399,536.6673735673266,1473.8110430972172,1388.1427167450884,24.014762009586292,-480.4995422363281,169.77359008789062,24.392364501953125,32.3209228515625,2.1822900772094727,25.99774932861328,0.17135892808437347,12.385993957519531,-9.69654655456543,21.11294937133789,-4.068892955780029,10.615686416625977,-7.501247882843018,14.341286659240723,-0.6849267482757568,7.6932501792907715,-4.987651824951172,10.62353229522705,0.1715051531791687,5.774937629699707,-2.3686447143554688,7.338827133178711,-1.274246335029602,6.1126017570495605,-1.7067674398422241,6.921408653259277,206.21166516473042,100.92013595833458,0.23888688109866282,27.346372294513856,25,1.8983999999999992,1.5920896457172244,0.26804473059979655,23,4.021739130434784,4.459090909090907,6.6978842718434795,0.09999999999999432,0.008132836326668943,0.21766632779848638,call_c4fc8a865292,human,val
0.02311531826853752,0.053156159818172455,0.1887118695103566,0.03724942123139967,0.13745011389255524,0.0673777237534523,1651.3506793768,370.88266290816796,1131.8902195604232,190.81050290489205,3029.654316334557,632.464628230031,17.87696485937571,-431.6085205078125,147.10667419433594,13.275609016418457,27.15370750427246,-2.2907185554504395,17.95620346069336,0.6522493958473206,7.146246433258057,-11.018119812011719,26.10170555114746,-1.7808865308761597,8.613956451416016,-5.243573188781738,14.478180885314941,0.942677915096283,5.4205002784729,-3.971151351928711,10.848763465881348,-0.1440776288509369,5.174564361572266,-3.1786584854125977,8.856302261352539,-2.112508535385132,6.656252384185791,-2.0788168907165527,6.3808135986328125,172.91739790140096,73.4803481053157,0.2894598846355532,12.76938551165325,11,2.13818181818182,1.9770401117088616,0.1927552860186856,16,3.8087500000000003,7.509999999999998,5.5502702636898675,2.5999999999999943,0.006228487133256885,0.3140468775610554,call_c49b6face6c3,synthetic,val
0.07336707413196564,0.12129031866788864,0.17352410958293726,0.058302099932733886,0.11671426147222519,0.08187296986579895,1426.62557127588,587.1966354094252,1052.900660098546,255.42712278984334,2643.1808955164765,1027.2658172826714,18.448569438735852,-347.4849548339844,172.55055236816406,35.64060974121094,52.710819244384766,8.057371139526367,19.710609436035156,10.479304313659668,20.331193923950195,-4.161477565765381,12.42333698272705,-1.9164422750473022,9.486443519592285,-7.6252217292785645,14.047059059143066,-3.189972400665283,10.141185760498047,-3.4923019409179688,8.969522476196289,-1.2715250253677368,6.51662015914917,-0.7532548904418945,5.86573600769043,-0.7062556743621826,5.118721961975098,-4.321695804595947,7.932816505432129,108.37786725598049,20.349667331059145,0.32984790874524716,6.222283070670164,17,3.843529411764708,3.5760460274318886,0.32356145389719726,26,3.6046153846153866,4.429999999999998,4.074994100986764,0.3199999999999932,0.02683965534317129,0.2391799544419132,call_c3a3ab5fa472,synthetic,train
0.06478217989206314,0.08959035575389862,0.1615833236253495,0.04060995080302362,0.02466747537255287,0.017020471394062042,929.7264195476112,180.4387659194002,765.5789238497701,115.94799800569051,1771.453430801491,380.6618957586099,21.886098098095257,-208.45303344726562,96.72126007080078,84.81097412109375,18.649702072143555,-18.973833084106445,24.387413024902344,14.1343355178833,13.767909049987793,-40.446292877197266,18.06662368774414,-18.355789184570312,12.666560173034668,-23.135221481323242,15.543639183044434,0.4177094101905823,12.466751098632812,-9.441428184509277,10.004120826721191,-5.061246871948242,8.906370162963867,-6.603640079498291,9.104730606079102,-10.930917739868164,8.659194946289062,-11.568470001220703,7.331044673919678,125.1282157416634,26.394502353841823,0.22041006523765144,8.681198928204118,27,1.5637037037037038,1.9805725849007303,0.30754662004662014,13,4.6338461538461555,2.4446153846153833,1.2444870143935145,0.10000000000000142,0.04545454545454541,0.2990967365967363,call_c5b04c36bb62,synthetic,train
0.009214877150952816,0.022419597953557968,0.1492825592278235,0.08288037883498668,0.15300346910953522,0.13007819652557373,1316.3937575653192,538.1919417459809,1039.5335520141034,346.1288988169156,2585.4945416095106,1019.1278174400603,17.33492904304863,-505.80657958984375,141.7854461669922,31.002037048339844,31.943933486938477,6.060551643371582,15.781489372253418,4.648197174072266,12.102221488952637,-3.624969959259033,12.793018341064453,-5.762122631072998,11.824222564697266,-5.696146488189697,10.076257705688477,-5.055581569671631,9.541266441345215,-3.986128091812134,7.812686920166016,-1.9695569276809692,6.379418849945068,-2.0878689289093018,6.10784387588501,-1.4616973400115967,5.275638103485107,-1.4175745248794556,5.349392414093018,150.50449103533157,179.6049631436405,0.22542295381801555,20.892975077407378,16,1.7274999999999994,1.6768553157622161,0.19754145225843334,16,4.72375,3.9042857142857152,3.931616741759252,1.1799999999999997,0.028444825614636845,0.29073756432247,call_c509bc8280ae,human,train
0.008987385779619217,0.02122548781335354,0.16157958642281645,0.10616000746011259,0.15216100215911865,0.1519511491060257,1348.8538906913197,573.0184260971694,1023.0605920802916,379.7522692134989,2591.463904133582,1079.2954599190346,18.09192155465407,-502.25299072265625,149.78343200683594,19.69365692138672,23.45805549621582,-1.7835536003112793,21.01573371887207,1.7679195404052734,9.81978988647461,-3.9154202938079834,16.221426010131836,-3.7480053901672363,10.083312034606934,-4.418501853942871,11.1605806350708,-4.713429927825928,9.24345588684082,-3.911376476287842,8.938933372497559,0.8247494101524353,4.898725986480713,-1.6594434976577759,5.744921684265137,-2.031343698501587,6.191765308380127,-0.5675901770591736,4.9027791023254395,233.3165420799515,336.2499413708842,0.27744044838860343,30.039344676805815,16,1.7587500000000003,1.3856851870103848,0.20540145985401462,22,3.4263636363636376,3.58818181818182,3.8128426956127632,0.46000000000000796,0.032554744525547415,0.2769343065693428,call_c647ee088162,human,train
0.010889519937336445,0.02866058237850666,0.19784246381727724,0.05541593054791919,0.14865759015083313,0.06220123916864395,1685.8311644367202,394.0809776269275,1143.892312608021,193.55788897197846,3068.5616661013114,658.6710545609834,17.28658709090662,-538.5831909179688,150.77432250976562,15.292867660522461,33.27678298950195,1.2593363523483276,14.810099601745605,5.112655162811279,13.092829704284668,-2.3429911136627197,13.010802268981934,0.6242516040802002,6.381106853485107,-2.202587127685547,11.898942947387695,1.1060677766799927,6.1835808753967285,-1.922795295715332,9.545768737792969,1.7492115497589111,4.76281213760376,-0.38131728768348694,6.3431854248046875,0.9548416137695312,4.328665256500244,0.4673815071582794,5.070758819580078,109.51587961133653,30.854780248925668,0.1854364540931705,14.333859391706717,12,1.636666666666666,1.3465470243882653,0.13883783401668312,27,2.8770370370370384,6.327368421052632,5.660556827831344,0.8599999999999994,0.0046656298600310795,0.31669729958998993,call_c67ce09b3316,synthetic,train
0.024218980222940445,0.03360765054821968,0.19208840982525238,0.057887446585545475,0.11947581171989441,0.09508885443210602,1496.3215513248601,450.4150586409608,1055.259147464509,228.3018060335041,2753.608710614867,785.6670860709534,19.24210171016762,-440.3949279785156,202.9989471435547,28.86667823791504,35.841434478759766,-8.085074424743652,23.17110824584961,8.652692794799805,16.552940368652344,-14.710729598999023,25.070486068725586,-2.585416793823242,9.698918342590332,-11.617968559265137,19.05795669555664,-1.6396877765655518,9.553845405578613,-7.691173076629639,13.325623512268066,-2.1074299812316895,7.913599491119385,-2.869422674179077,7.985448360443115,-2.5100085735321045,7.71449089050293,-1.965984582901001,6.722721099853516,168.25142632745371,57.90921357037458,0.4921994493728969,12.475539929122299,32,2.315625000000001,1.664945452372239,0.35420650095602313,13,5.632307692307692,7.267692307692304,4.030640632123566,1.579999999999984,0.0,0.2957934990439768,call_c3e9e24958f7,synthetic,train
0.009806075133383274,0.02293330617249012,0.17140278440804935,0.07266114240873858,0.16687045991420746,0.11457943916320801,1423.9208495533499,421.8960859047128,1105.590132807534,234.71612820438307,2774.0479950058752,794.489619626169,17.14899311011637,-500.3251037597656,145.23196411132812,31.852502822875977,31.513439178466797,3.4975016117095947,17.126794815063477,2.4038307666778564,13.685708045959473,-2.4256837368011475,11.786332130432129,-3.828345537185669,10.462979316711426,-4.80906867980957,9.018115043640137,-5.058669090270996,8.605122566223145,-3.910266160964966,7.98978328704834,-2.0894715785980225,6.326910972595215,-2.320523262023926,5.969443321228027,-0.5694435238838196,4.958597660064697,-2.0896687507629395,6.23071813583374,137.64955393199554,114.64738229246309,0.2673325499412456,18.44950291015084,11,2.059999999999999,1.2089364221195709,0.2081190301249081,19,3.0210526315789483,3.8957142857142864,3.0095389164780575,0.980000000000004,0.022777369581190303,0.2874724467303452,call_c6daaae3eb0f,human,train
0.021545518189668655,0.03398885950446129,0.14532010795817368,0.11351370142955221,0.11193227022886276,0.1447618156671524,1017.8114696048599,648.2784735848343,828.4961229639347,454.8604689491891,1983.4587191358025,1250.5827505605075,21.077250698093728,-429.9979248046875,176.7813720703125,38.991031646728516,42.51669692993164,4.607064247131348,22.6262149810791,1.006301999092102,15.251688957214355,-9.240005493164062,18.232759475708008,-6.970874309539795,12.956873893737793,-12.322031021118164,17.001665115356445,-9.146475791931152,12.745821952819824,-5.047375202178955,9.365998268127441,-1.2728986740112305,7.374626636505127,-2.1951558589935303,7.171908378601074,-2.236762523651123,6.011168003082275,-4.025711536407471,7.51485013961792,112.02739788241267,40.79049808605812,0.3384418901660281,10.813683098348754,20,2.916999999999998,4.596691310062054,0.38820867713601254,19,3.3410526315789495,2.416666666666667,2.3726145915424213,0.56,0.029811019430396348,0.21919084375831754,call_c6e878157063,human,train
0.04276597872376442,0.0683109313249588,0.08645341082317073,0.019591428572815362,0.011016668751835823,0.007700344547629356,618.4577547676976,103.45417870898238,683.9938453064885,95.38677902125998,1230.981326219512,318.09606566224585,19.414439165370634,-284.005615234375,88.32585906982422,124.91069030761719,19.198101043701172,-4.500638008117676,20.263198852539062,21.190217971801758,13.8616943359375,6.689680099487305,16.14542007446289,4.6719160079956055,8.705367088317871,0.2898690104484558,14.359427452087402,-2.463956594467163,8.04128360748291,-2.356780767440796,7.1104230880737305,-1.5423980951309204,4.837638854980469,-3.0732412338256836,5.289656162261963,-2.5421688556671143,4.84589147567749,-4.3534746170043945,5.170405864715576,85.16036763598,20.606913030164762,0.9936585365853658,7.580601473308096,13,2.3369230769230738,2.158957670926429,0.23159018143009574,20,3.2329999999999997,4.153333333333335,2.7671276724350027,2.059999999999995,0.005946028357981408,0.2814453422777866,call_ce3072c8e106,synthetic,train
0.046481337398290634,0.07294486463069916,0.18996927341811415,0.03608509971132631,0.12594488263130188,0.07010024040937424,1563.398424856843,420.40074378758175,1079.361608026795,225.37277627354857,2858.717819478908,749.101977843371,18.25530329968377,-402.8438720703125,233.6326446533203,25.409549713134766,37.97901916503906,-6.394427299499512,19.986513137817383,6.544384479522705,17.022600173950195,-13.008633613586426,25.048236846923828,-0.13727015256881714,8.74632740020752,-9.462860107421875,17.923702239990234,0.07624579966068268,8.960287094116211,-3.5496981143951416,9.748396873474121,0.9779572486877441,6.035326957702637,-0.6263527870178223,6.2783708572387695,-1.5565049648284912,6.323808670043945,-2.258068561553955,7.0179619789123535,115.55700672401474,52.49719466014475,0.0967741935483871,16.60391393498238,14,2.7485714285714296,3.733452743474209,0.2984796773192679,20,3.1559999999999997,3.3288888888888883,2.979516905079465,0.10000000000000142,0.0601923673596029,0.27210673285758613,call_c87e905eb0d7,synthetic,train
0.028234807774424553,0.04479945823550224,0.1298439137840671,0.11980486137681516,0.04460354149341583,0.07887542992830276,1114.0958149405806,616.8876083868165,854.9264854619048,426.7088145676885,2077.746249344864,1173.630927347584,20.999834652798974,-423.8656005859375,178.17755126953125,29.756696701049805,35.644317626953125,0.8381476998329163,33.280635833740234,-8.461170196533203,21.318307876586914,-23.389511108398438,31.080902099609375,-4.205499172210693,13.789965629577637,-10.858749389648438,17.901348114013672,1.6684603691101074,10.710931777954102,-2.7481086254119873,10.360580444335938,-0.45327335596084595,7.949267864227295,-2.364739418029785,7.6608967781066895,-3.9373509883880615,8.9982328414917,-3.7091245651245117,8.571362495422363,285.7848099079909,136.250336200813,0.4617400419287212,35.1052765201191,27,2.201481481481481,2.440272759046816,0.4868140868140868,15,4.390666666666667,2.634285714285713,2.887524184897391,0.14000000000000057,0.18214578214578195,0.1559377559377556,call_ca184bb77a63,human,val
0.015815379098057747,0.028393885120749474,0.17347238427093845,0.049995204505596094,0.11504531651735306,0.07989814132452011,1443.1477802324378,526.5544519073547,1045.4136376516299,254.9059279949314,2662.5922363773966,948.3779515112059,18.134201797384083,-464.77313232421875,162.2631378173828,36.3031120300293,47.766822814941406,2.0465195178985596,23.07734489440918,1.6186201572418213,11.629725456237793,-10.749617576599121,20.782276153564453,-1.7595531940460205,11.260655403137207,-7.184322834014893,15.335893630981445,-0.7328858375549316,7.821442604064941,-7.695973873138428,14.137855529785156,-0.29073330760002136,7.10390567779541,-4.68461799621582,10.103351593017578,-0.7498729825019836,6.7053985595703125,-3.0196735858917236,7.853963375091553,185.77438570339186,67.768471164097,0.32542885973763874,22.79824331663059,15,2.9733333333333336,2.3799458443885295,0.3516795458129633,19,2.993684210526315,3.8157894736842106,3.036317568491693,1.7599999999999998,0.03706040056773382,0.23687115596909014,call_ca5206a4f854,synthetic,train
0.04700986668467522,0.0970424935221672,0.20288792017171858,0.03943779316173084,0.14090219140052795,0.06522368639707565,1706.922490664348,304.8671052106882,1144.6089187205987,176.4450702545888,3102.6965725806454,536.7755114370348,17.816055762959653,-396.4231872558594,181.39144897460938,7.696840286254883,18.67784309387207,-4.164040565490723,19.57056427001953,0.7439311146736145,8.646337509155273,-10.528545379638672,24.645540237426758,-0.6868814826011658,7.666188716888428,-7.81291389465332,17.998424530029297,1.1409841775894165,6.0856032371521,-6.5827155113220215,14.679893493652344,0.6864697933197021,4.829386234283447,-3.302051067352295,8.529372215270996,-0.7916476726531982,5.41544246673584,-2.1550145149230957,6.508955001831055,216.56446873811763,83.18773404835818,0.19911012235817574,17.943948142261583,10,2.2659999999999996,2.1894666017091926,0.19700921578855848,17,4.044705882352941,4.388749999999999,4.3530102730754034,0.37999999999999545,0.025908537645626884,0.23109024517475218,call_cbad95f3aabc,synthetic,train
0.05909434333443642,0.10011686384677887,0.09407157729900881,0.0247218590683195,0.012313228100538254,0.008517435751855373,693.4661620537977,175.95953996231376,702.0331026023543,104.5329765028257,1372.3872292584435,396.4188452461609,19.396670578579517,-274.9078674316406,108.61369323730469,95.8674087524414,18.454755783081055,2.620391368865967,18.665809631347656,6.250298500061035,8.24903678894043,0.4255772531032562,32.79751205444336,5.705022811889648,9.488844871520996,-2.508424997329712,13.750418663024902,0.5518323183059692,6.416560649871826,-6.083288669586182,8.725968360900879,-3.8461835384368896,6.821996212005615,-4.787143230438232,6.6176018714904785,-5.932371616363525,6.112424373626709,-3.2472715377807617,4.553100109100342,123.92392846516024,78.30230911970644,0.9842143906020558,11.51791926667465,18,2.4233333333333347,2.160959149184556,0.25022946305644805,22,3.520909090909092,6.137272727272727,3.143930923683369,2.4599999999999795,0.003786140431390608,0.3092014685635611,call_ce6146a1c53e,synthetic,train
0.066722072660923,0.09833113849163055,0.11346994255628402,0.052934977810805424,0.017453163862228394,0.014888288453221321,801.4772627501246,342.30416623449725,739.1630847283144,166.88345134995703,1553.5123391885206,647.7026027440978,19.676004958225707,-246.7351531982422,139.5153350830078,100.07908630371094,39.00178909301758,-9.052528381347656,18.90831756591797,10.319572448730469,9.228219032287598,-0.9942672252655029,32.41203308105469,3.6792914867401123,9.071416854858398,-4.407431602478027,20.659337997436523,2.443159341812134,8.616301536560059,-9.637311935424805,13.512810707092285,1.9135783910751343,7.459804534912109,-7.5418620109558105,8.062792778015137,-2.0284759998321533,6.080413818359375,-4.549739360809326,7.164024353027344,122.05869336100719,80.07705761196388,0.9426026719445819,13.16663183121502,12,2.858333333333332,1.723416342294828,0.2653155940594058,14,3.844285714285717,5.281428571428571,4.878140537340106,2.039999999999999,0.0037128712871287435,0.3220915841584159,call_cea74e96e420,synthetic,train
0.014569672755897045,0.02886354736983776,0.17851525155353729,0.09926120776914243,0.1180013120174408,0.1338787078857422,1147.409666512237,547.5252244846007,852.4061950705961,392.73873937416977,2154.024259082218,1080.8597897816142,19.83220989030171,-448.81768798828125,149.40232849121094,35.98001480102539,31.196199417114258,-12.624021530151367,31.84954833984375,-11.536253929138184,19.547212600708008,-13.171710968017578,22.488216400146484,-6.845068454742432,12.06721305847168,-5.429374694824219,13.120875358581543,-2.035660743713379,8.727555274963379,-4.604177951812744,9.496753692626953,-0.5265375971794128,7.012959003448486,-3.4521682262420654,7.998601913452148,-3.466886043548584,7.374244689941406,-4.169921875,8.114006996154785,268.56044852968023,140.48555758370622,0.2462715105162524,33.22243404296688,39,1.8241025641025652,1.677355546837416,0.4252241482367008,25,3.7752000000000026,2.084347826086956,2.0033012451992884,0.07999999999998408,0.17955768081291096,0.19019725044829605,call_cbb902adb22a,human,train
0.036774639040231705,0.07008378952741623,0.08640703914141414,0.020775921299352084,0.012267624959349632,0.00799304898828268,620.0355176753155,114.32908461361824,682.8660876224878,98.63380183938878,1219.3118686868686,313.7276705270612,19.01662147072115,-297.3565673828125,85.73648071289062,111.1080322265625,18.11664390563965,4.639279365539551,14.09213638305664,12.849127769470215,14.680209159851074,11.416479110717773,17.46523094177246,3.8275697231292725,8.209610939025879,0.6640979051589966,12.488924980163574,-1.0035817623138428,7.1788330078125,-3.9189953804016113,6.459130764007568,-0.41565537452697754,4.419588565826416,-2.8244099617004395,5.04691219329834,-2.686882495880127,4.5404534339904785,-3.1694514751434326,4.780616283416748,85.0465965171037,21.874723826973227,0.9587878787878787,8.633173715590306,17,1.6411764705882343,0.9375931787604516,0.1761808537509471,19,4.062105263157898,7.6210526315789435,4.640092892374192,2.759999999999991,0.0034099520080828885,0.33985855013892385,call_d13864e1e455,synthetic,train
0.026208531111478806,0.06053922325372696,0.17010379404022677,0.09262954807291787,0.1845122128725052,0.15790089964866638,1259.6310228012953,561.5731796041923,980.0758825137136,393.2732940204746,2450.6572286717064,1125.4271534771215,18.28533827159792,-437.7940673828125,149.62799072265625,22.527870178222656,42.184730529785156,-4.4546685218811035,19.126890182495117,-3.335167646408081,15.105031967163086,-4.32871150970459,13.3431396484375,-4.474460601806641,11.975114822387695,-5.09919548034668,11.652097702026367,-4.398277759552002,10.110283851623535,-2.21989107131958,6.339624404907227,0.2887212038040161,4.246159553527832,-0.07111147791147232,3.980159044265747,-0.3655480146408081,3.289472818374634,-1.130618691444397,4.637347221374512,105.54445283843137,44.83750123317849,0.30129589632829373,14.968956805730262,12,1.831666666666668,1.5422809586957738,0.18545393182585235,23,3.011304347826088,4.867272727272725,4.431894917750586,0.9000000000000021,0.011137360782990284,0.24130948363145432,call_cf313f91b995,human,val
0.02663908526301384,0.05357129126787186,0.16795544475832613,0.11019827160182591,0.16664089262485504,0.17376381158828735,1203.8407315321706,637.6609102163571,939.6197552717783,423.42926799140724,2312.4273491565746,1220.5502667060796,19.11623618157735,-436.1205139160156,157.82225036621094,26.392963409423828,45.12705993652344,0.8125748634338379,17.617895126342773,-1.2129712104797363,15.410741806030273,-4.91714334487915,14.56204605102539,-2.3211073875427246,9.48513126373291,-5.8040666580200195,12.273550033569336,-4.1309356689453125,9.480687141418457,-2.2966420650482178,7.354998588562012,-3.517406940460205,8.08143424987793,-1.2637951374053955,5.483911037445068,-2.2655293941497803,7.0283203125,-1.337928056716919,5.099545478820801,113.58789032279601,40.01794505114342,0.4286332179930796,11.936266408155701,14,2.5800000000000014,2.1875230611029326,0.24412003244120045,22,3.7272727272727266,4.015,3.817947747154224,0.23999999999999488,0.015274398486077376,0.21695052716950536,call_d13e6463c6fb,human,train
0.011064753867685795,0.020018259063363075,0.17349718333680267,0.048338809461885485,0.12154679000377655,0.07627483457326889,1472.4720377868623,540.8817777799461,1054.420118562074,259.9723389161268,2680.0729210033305,1000.2857521493066,17.837552028363483,-497.3045349121094,158.45223999023438,36.55937576293945,50.913604736328125,2.3283987045288086,18.081846237182617,2.258258581161499,10.944437980651855,-8.478307723999023,18.790164947509766,-2.057090997695923,10.247121810913086,-5.001274585723877,13.296384811401367,-0.662414014339447,7.345215797424316,-5.993034839630127,12.846420288085938,-0.21293190121650696,6.046991348266602,-4.221921443939209,10.185317039489746,-0.7389414310455322,6.435224533081055,-2.452085494995117,7.584127902984619,165.80098418119002,63.88946727934301,0.3180682764363031,16.96482874208711,8,5.827500000000003,4.514254506560297,0.3033576262363354,19,4.064210526315791,7.346315789473682,5.68810412456171,1.9200000000000008,0.006507027589797165,0.20067673086933868,call_d147a02786d2,synthetic,train
0.047217536717653275,0.06017342582345009,0.16562310987903225,0.03856127757821576,0.025055650621652603,0.017051056027412415,954.6281308288941,156.7223864137203,770.8774846276341,101.95371495346846,1801.9153225806451,347.1469935134687,21.742706830153104,-226.36602783203125,85.54357147216797,81.48878479003906,18.52756118774414,-23.948850631713867,23.215221405029297,5.3647894859313965,15.328704833984375,-39.14979934692383,17.621431350708008,-15.287318229675293,13.152981758117676,-19.87610626220703,12.824974060058594,-1.43494713306427,11.188541412353516,-14.000158309936523,11.669072151184082,-5.162083148956299,8.45763111114502,-10.555047988891602,8.726694107055664,-9.673401832580566,7.81631326675415,-11.871074676513672,7.5941362380981445,204.58192586329002,55.21705483407314,0.3935483870967742,16.67455221101876,43,1.4888372093023248,2.369615030359117,0.32271398326444184,15,4.3986666666666645,4.7653333333333325,4.2331042457699475,0.28000000000000114,0.023691904425849283,0.36838390966831347,call_d0442c9e97b7,synthetic,train
0.012980260886251926,0.029901230707764626,0.12037639078566838,0.14667646021274472,0.07270290702581406,0.12309766560792923,897.4008032696411,852.2820280267625,636.4088794688545,551.0926249035268,1619.4117528920308,1489.8717231593157,22.214563389705727,-509.7509765625,153.2405548095703,16.309707641601562,35.77125549316406,0.8876134157180786,21.564321517944336,-1.50428307056427,15.837118148803711,-6.968996047973633,22.134138107299805,-2.6144251823425293,11.937071800231934,-2.255570650100708,12.162810325622559,-1.2103420495986938,7.783355236053467,-1.7165489196777344,8.553145408630371,0.4431517422199249,5.8059844970703125,-2.4368226528167725,7.895784378051758,-0.41000404953956604,5.918870449066162,-1.3982049226760864,6.1814093589782715,283.1910267247807,387.0527903822478,0.1636675235646958,26.854787526309106,21,1.6895238095238108,1.565699223655972,0.2375468666309589,20,4.570999999999996,3.2926315789473715,2.9346583089998264,0.5,0.0526245313336904,0.20299946438136085,call_d3e854cbb77d,human,train
0.009926398284733295,0.022058861330151558,0.2105897675960436,0.10173856883276587,0.18167191743850708,0.13771715760231018,1535.3199519987502,412.99658388815897,1098.884942213057,240.33451351647955,2869.2033400229357,725.9203358457511,17.245957159030187,-501.7284851074219,161.24002075195312,19.039491653442383,23.10877227783203,0.3199044466018677,21.46456527709961,4.618868350982666,10.018573760986328,-6.54846715927124,19.248319625854492,-1.9598528146743774,9.16232681274414,-8.687883377075195,13.33362865447998,-4.1287336349487305,8.634507179260254,-4.739717483520508,10.523263931274414,1.3287286758422852,5.121753692626953,-1.821437120437622,5.754209041595459,-2.8227922916412354,7.2512054443359375,0.15336890518665314,4.422572612762451,188.69229265422544,197.74084787295973,0.23795871559633028,27.73422316483477,17,1.5211764705882356,1.5057922767177536,0.23176196450976883,20,2.7400000000000007,2.99764705882353,3.1842471257403164,0.8800000000000097,0.02294317978132287,0.3000537730776123,call_d38f7d5159e7,human,train
0.03191202133893967,0.06437625735998154,0.19462121613039796,0.03330385294610871,0.1393505036830902,0.06537817418575287,1641.2431738051964,378.89156331040545,1117.9580028718226,203.66963836031223,2984.9720178873836,690.5841729592232,17.739528298564714,-439.5425109863281,196.56297302246094,18.049182891845703,33.915069580078125,-4.652224063873291,17.752832412719727,3.1082499027252197,14.260106086730957,-9.679793357849121,22.987674713134766,-0.6675215363502502,7.805368423461914,-7.457303524017334,17.400638580322266,0.4289171099662781,6.048266410827637,-2.478677272796631,8.74596118927002,0.9027489423751831,5.55800724029541,-0.45464643836021423,5.206847190856934,-1.3207154273986816,5.977839469909668,-1.054495930671692,5.575349807739258,111.27046359190848,38.54720672265035,0.08001693480101608,16.911613989202717,10,3.2559999999999993,2.174172026312543,0.21540089970891768,17,4.114117647058825,7.130588235294117,5.9295952352567225,2.780000000000001,0.00026462026991271666,0.32217517861868206,call_d17b2416d506,synthetic,train
0.01998290792107582,0.042564213275909424,0.19449466316358746,0.03670895066299318,0.14432241022586823,0.06500185281038284,1647.735245015908,370.5638887943295,1127.6269875534997,185.06565060811621,3012.4020696913003,645.5093932832358,17.502955825145413,-485.6991882324219,196.90782165527344,19.471750259399414,32.99625778198242,-2.7004599571228027,14.585654258728027,5.512807846069336,14.76602840423584,-9.018142700195312,22.683349609375,0.18511962890625,6.399148464202881,-5.545336723327637,15.315320014953613,1.3484582901000977,5.795790672302246,-1.614349603652954,7.380572319030762,0.7862884402275085,5.185275077819824,-0.44797825813293457,5.276792049407959,-0.8265818357467651,5.808255672454834,-0.8840579390525818,5.6906304359436035,108.24597502703072,32.56343529774176,0.1314312441534144,11.461015677653794,11,2.574545454545456,2.371529478230387,0.20704781400789599,17,4.3599999999999985,5.781176470588233,6.27266889661053,1.759999999999998,0.005263927474777058,0.2563240239801141,call_d437831f4543,synthetic,train
0.06912089139223099,0.09438322484493256,0.18129556137848915,0.04879149106041111,0.11342499405145645,0.08026491105556488,1488.524358823884,462.38808842529824,1075.3637847122927,208.50698798772262,2779.316778356225,771.8467169536659,18.912826589903148,-346.2319030761719,221.38499450683594,30.62270164489746,41.39122772216797,-0.12420118600130081,24.622743606567383,11.82763385772705,22.01697540283203,-12.689099311828613,21.97915267944336,0.6838715672492981,10.068469047546387,-8.908442497253418,16.70650863647461,1.9701906442642212,9.874399185180664,-4.498912334442139,10.562909126281738,-0.6753079295158386,8.368494033813477,-2.207890510559082,8.230456352233887,-2.9199740886688232,7.9671831130981445,-4.406271457672119,8.725669860839844,125.4533127999546,38.08349817153862,0.3553389455028799,9.55299197719663,9,6.186666666666664,8.192343308778566,0.38559556786703586,22,3.1499999999999986,5.144615384615386,6.89065880001505,0.6000000000000014,0.017728531855955583,0.15221606648199482,call_d4518fcb700a,synthetic,val
0.012860444374382496,0.027797307819128036,0.10762499649034142,0.04356806079540167,0.08431088179349899,0.05707809701561928,1042.9340953187918,216.71752430929112,1037.702437552439,155.13941124820332,2298.879015049416,592.4490088378117,16.972646258212798,-458.5692443847656,126.31288146972656,64.90786743164062,28.10393714904785,23.918991088867188,17.831323623657227,3.40716814994812,16.808908462524414,-5.370799541473389,16.757591247558594,-2.02437424659729,8.144906044006348,-9.653512001037598,11.483861923217773,-6.047525882720947,6.182549953460693,-5.6216325759887695,6.436593055725098,-0.9637208580970764,6.617578506469727,-4.040152072906494,5.850236415863037,-3.1913185119628906,5.15331506729126,-3.205648422241211,5.891345977783203,114.04767997165075,60.931799318424574,0.7484276729559748,14.50334805891796,22,2.2499999999999996,3.289762356711554,0.3474659553558893,12,6.776666666666667,4.3,4.8753256301502566,1.2199999999999989,0.10529271374420887,0.1869998596097151,call_d557fa43925b,human,train
0.02265241928398609,0.04216736927628517,0.06485319822373393,0.10371098732168701,0.019526204094290733,0.056808266788721085,481.9145570501889,642.6279979594117,401.20041960122495,500.76132115926885,905.6949168556312,1226.4931892130974,24.985128439821075,-452.5042419433594,174.23695373535156,20.058664321899414,35.48904800415039,4.463544845581055,23.565296173095703,-3.6349987983703613,17.326435089111328,-10.25927734375,21.899965286254883,-4.9055914878845215,13.61119556427002,-5.7802557945251465,15.768174171447754,-1.9039076566696167,9.291092872619629,-4.983288288116455,11.36993408203125,-0.12592852115631104,6.169758319854736,-0.5403468608856201,5.805724620819092,-0.26349425315856934,5.741013050079346,-1.5903044939041138,7.044239521026611,146.4077352548546,65.9757515889363,0.1746031746031746,15.472364040503377,20,2.329000000000003,2.1627526442013636,0.275100401606426,21,4.04190476190476,4.152,3.5613840006379567,1.2399999999999949,0.012520670918970024,0.23612095440585856,call_d72a7cb67eb0,human,train
0.014922432601451874,0.03230820223689079,0.09598251192838246,0.09182710525741375,0.08966010063886642,0.1349751353263855,818.7319134061928,696.905600445597,673.6675777282682,545.0653901724802,1636.3836333144368,1408.1211427811043,24.246971049126124,-473.6562194824219,141.0008087158203,20.45894432067871,30.116287231445312,2.33245587348938,22.657140731811523,-1.6910054683685303,13.395040512084961,-7.755948066711426,19.898557662963867,-2.7304255962371826,8.809895515441895,-6.744638919830322,13.762765884399414,-0.8125278353691101,6.455923080444336,-3.4896297454833984,8.320781707763672,-0.45084348320961,5.353127956390381,-1.4891071319580078,5.819315433502197,-1.0066725015640259,5.364141464233398,-2.0164358615875244,6.6905035972595215,198.84586199267866,113.44410959564247,0.29402872260015117,21.163569530358778,17,2.2494117647058838,2.100768684492404,0.22587123449497945,20,4.8050000000000015,3.53333333333333,3.3032643786950437,0.9199999999999875,0.009332545776727692,0.21582988777318346,call_d60330be1b1f,human,val
0.04866921529173851,0.08036758750677109,0.09791960322696737,0.032299438595644624,0.016243139281868935,0.010980969294905663,710.4902876799522,206.3493991579617,728.5183631666182,123.90762927747683,1400.5503238963531,435.8289062736616,19.41626673186325,-286.9239196777344,134.2053985595703,104.90748596191406,23.099214553833008,-1.4629842042922974,19.426353454589844,14.129057884216309,16.952890396118164,5.834290981292725,25.390844345092773,5.25805139541626,9.154520034790039,-0.8678967952728271,15.691762924194336,2.091162919998169,8.139449119567871,-4.975653648376465,7.60019063949585,-0.5155521035194397,7.164237022399902,-4.030061721801758,6.872580528259277,-4.4950785636901855,6.056838512420654,-4.829919815063477,6.853966236114502,88.59273202180843,26.579622787749468,0.9393474088291747,8.737660080469457,18,2.2266666666666666,1.7819215595655296,0.24043191361727656,21,3.8657142857142865,5.200952380952381,3.6065362683432527,1.4399999999999977,0.016436712657468478,0.2890221955608876,call_d88d3c23953c,synthetic,val
0.02919960767030716,0.05705674737691879,0.12481899115875478,0.09807915181165187,0.11393079906702042,0.1547853797674179,1076.0306068174664,632.6002493909074,881.724490239555,454.6261890574434,2114.8280951812976,1258.3632999704012,19.840768392434278,-446.880126953125,163.3707733154297,25.09560775756836,38.7789306640625,0.07379768043756485,16.922086715698242,-1.0686497688293457,11.652971267700195,-13.307039260864258,28.07732582092285,-4.523088455200195,11.42983341217041,-2.1412951946258545,9.305936813354492,-3.3456907272338867,8.09798526763916,-4.041145324707031,8.58317756652832,-1.3080065250396729,5.129070281982422,-0.9492888450622559,4.662299156188965,-1.2737305164337158,4.808448314666748,-1.6421399116516113,5.270089149475098,160.99437793261913,70.70564454733093,0.35162213740458015,14.219164424442871,15,2.1706666666666674,2.277576099472614,0.24273147457879837,21,3.1742857142857135,3.8709999999999996,3.1242245437868292,0.09999999999999964,0.01789175488295801,0.2782167884299984,call_d80d9f6f7884,human,train
0.026942377910017967,0.06554950773715973,0.13153859731313344,0.0825600254868949,0.053296152502298355,0.08851142227649689,959.2137253676106,481.6928517417521,766.9296003849166,368.4484607360498,1743.1789088893581,1016.4145034945122,21.072714954427553,-395.4971618652344,116.9699935913086,31.370054244995117,36.8266716003418,-10.309206008911133,22.582151412963867,-15.248005867004395,18.256067276000977,-11.53959846496582,17.90605354309082,-5.106714248657227,12.736637115478516,-7.818121910095215,14.704177856445312,-2.1845059394836426,8.781177520751953,-3.5777711868286133,10.58940601348877,-1.496258020401001,7.286535739898682,-3.2450709342956543,8.306341171264648,-0.1513296663761139,7.613277912139893,2.6722311973571777,8.22720718383789,273.30091420778666,164.85456158520245,0.3454391891891892,42.2657668235182,65,1.1427692307692294,1.2748447962155514,0.4902323125659974,20,4.146000000000001,1.377,1.2978023732448631,0.060000000000002274,0.21766103484688426,0.18017423442449831,call_d5d00276dd35,human,train
0.05546372011303902,0.06943736970424652,0.16364800201477503,0.051091956509754705,0.09471685439348221,0.08961210399866104,1372.9479872307543,504.7216287012738,995.326158108817,264.8710026009452,2561.6080423102753,897.3201835062172,19.82498601287983,-358.8163146972656,172.24557495117188,32.28419494628906,38.398170471191406,-6.375410556793213,21.053083419799805,-2.7704355716705322,10.250482559204102,-27.216970443725586,33.60750198364258,-6.738146781921387,12.839262008666992,-11.49047565460205,17.151817321777344,-1.8222945928573608,7.393403053283691,-10.62650203704834,13.946759223937988,-2.8338465690612793,6.2718658447265625,-5.603384494781494,9.621506690979004,-6.063329696655273,9.27219009399414,-3.2153868675231934,6.422774791717529,228.7580564452535,61.42047232606472,0.5023505708529215,13.28793161424824,8,5.385000000000001,6.01317511802209,0.45223598572328366,8,3.750000000000001,4.229999999999999,2.302259759453743,0.5799999999999983,0.0035691790888096094,0.23640562670585763,call_d89caa393417,synthetic,train
0.019588308408856392,0.035158414393663406,0.0787113219734252,0.10179765040269845,0.027512358501553535,0.06399919092655182,650.6418802003684,635.0519221347304,618.5458102064507,513.6486883297995,1319.479474245407,1271.537939080461,24.39558998140804,-486.3667297363281,174.2602996826172,33.872066497802734,43.68909454345703,11.990772247314453,24.672243118286133,5.369009017944336,16.381664276123047,-4.862763404846191,18.26526641845703,-3.790675401687622,12.868481636047363,-4.361046314239502,11.937405586242676,-2.3218157291412354,9.520989418029785,-3.786470413208008,9.309492111206055,-0.3047538697719574,6.6131768226623535,-2.357109785079956,7.58078670501709,-1.4544562101364136,6.6342082023620605,-2.203676700592041,6.482857704162598,175.47191048826278,197.5345712407616,0.32808398950131235,23.90902605264183,18,1.9300000000000006,1.4775843649536744,0.3563807960607305,14,3.401428571428571,2.572307692307691,1.8442682678468933,0.3200000000000003,0.09294214197784148,0.24805088223225258,call_ddf2da1910f1,human,train
0.012695138342678547,0.029091360047459602,0.107898075867917,0.12004476197051357,0.08701718598604202,0.1489010751247406,773.4120460546283,749.7066850415748,589.6482712218526,530.8836835451898,1448.345844972067,1399.2623558865316,23.642498800388797,-464.16351318359375,135.6853485107422,19.580278396606445,35.98149108886719,-1.3853405714035034,18.9002742767334,0.904454231262207,14.511664390563965,-6.428152561187744,18.121313095092773,-3.033459186553955,11.019920349121094,-4.828210830688477,12.578130722045898,-1.9786629676818848,8.545974731445312,-1.2065412998199463,6.791454315185547,-1.8388714790344238,7.135165214538574,-0.2422831654548645,5.551902770996094,-1.5203197002410889,6.841361045837402,-1.485291600227356,6.133681297302246,177.02779490520987,288.36788645632123,0.22625698324022347,24.35732600228432,16,2.250000000000001,1.5346986674914387,0.22455089820359286,22,4.2254545454545465,4.434545454545456,4.253598185144097,0.20000000000001705,0.030563872255489025,0.22617265469061854,call_dc1a55102190,human,val
0.05011416971683502,0.08309704810380936,0.1804886657805535,0.04214793140486803,0.12029535323381424,0.08380269259214401,1521.6386921084202,469.0181192969443,1059.3123037153048,250.20097887120352,2792.4376625185737,842.5495714188448,18.56372831037524,-375.5728454589844,162.3256378173828,23.821395874023438,38.21654510498047,-5.7582550048828125,18.522838592529297,-2.3427321910858154,9.12890338897705,-19.17333984375,31.254467010498047,-5.309812545776367,12.402311325073242,-7.9820661544799805,15.607840538024902,-0.9418642520904541,7.022754669189453,-6.851187229156494,12.275330543518066,-2.7995290756225586,6.9785943031311035,-3.337712526321411,8.116601943969727,-4.146974086761475,8.311253547668457,-2.05643892288208,5.694383144378662,215.70317443588985,68.92192283846732,0.3436106983655275,14.277591447975405,15,3.4746666666666663,3.5728342935110877,0.30256588877278534,17,4.815294117647061,4.1000000000000005,3.2031984015980033,0.01999999999999602,0.013351909903634067,0.2355741321258562,call_d88d8e15e430,synthetic,train
0.015151934698224068,0.03321799263358116,0.20499603149900397,0.055522237814639795,0.14670062065124512,0.08374867588281631,1644.5351161786173,397.3186391130773,1123.7977488078618,197.32058063046318,2999.301232569721,688.9794455000439,17.93548773862126,-481.1640930175781,150.15499877929688,15.333402633666992,31.353233337402344,-2.679278612136841,19.318979263305664,3.969841718673706,11.620501518249512,-6.96145486831665,20.547636032104492,-0.3751766085624695,7.337925434112549,-6.283314228057861,16.68577766418457,-0.9841633439064026,7.668136119842529,-3.4087400436401367,10.274577140808105,-0.6781224012374878,6.4767608642578125,-1.3716950416564941,6.535852432250977,-0.8401795029640198,5.885294437408447,-1.5390567779541016,6.552189826965332,154.1157080827355,58.82811638271464,0.2645418326693227,16.521375093345377,25,1.2079999999999997,0.9355212450821186,0.1880448318804483,19,3.6294736842105273,4.395294117647059,2.635580341599213,1.9199999999999982,0.011955168119551616,0.3945205479452052,call_d9b9c625f406,synthetic,train
0.013689368963241577,0.028171082958579063,0.15294004305193395,0.09765226388264325,0.10939795523881912,0.13418035209178925,1065.3955742641347,550.4150663574262,866.0188742325096,414.9032805519354,2056.5752661886136,1148.3798154761255,19.966513035394982,-472.9211120605469,147.54177856445312,41.00457763671875,36.06779098510742,0.811216413974762,27.59803581237793,-7.586827278137207,21.11537742614746,-14.586198806762695,23.690006256103516,-5.597918510437012,11.787988662719727,-6.001522541046143,12.918395042419434,-2.4102890491485596,8.1985502243042,-3.579852819442749,9.438302993774414,-0.8335508704185486,6.604984760284424,-3.2281103134155273,6.550434112548828,-3.3852298259735107,6.626758575439453,-4.983010768890381,7.8653717041015625,195.46894147607927,117.40094006919723,0.38635375923511517,25.376753635159158,38,1.4421052631578957,1.6855659019962101,0.3721814724259714,20,3.7959999999999994,1.5515789473684196,1.704832954181158,0.45999999999997954,0.08190709046454799,0.1941048628090195,call_ddeabfdb99d4,human,train
0.02354573644697666,0.04641609638929367,0.19176143337588375,0.05254823903464949,0.13850785791873932,0.07195542007684708,1622.9119374640088,419.2182377827711,1123.6958037162622,185.1516165515538,2973.3067802435194,698.852663998994,17.86679387462901,-471.2613830566406,189.5390625,20.77568817138672,37.521697998046875,0.7022848725318909,15.157946586608887,7.298429012298584,16.92464828491211,-6.753419876098633,18.44178009033203,-1.153843879699707,8.658732414245605,-5.6806111335754395,14.994209289550781,0.26676884293556213,7.368901252746582,-4.096227169036865,11.513825416564941,0.6640692353248596,5.569774627685547,-0.5768433809280396,6.564486503601074,-0.35340264439582825,5.476952075958252,-0.96210116147995,6.736821174621582,118.00273447876225,29.198450398056952,0.21720345640219954,10.77586106215587,13,2.7892307692307705,1.9329310606452301,0.22253590278630184,19,4.586315789473685,3.9839999999999995,2.615178260335867,1.7599999999999998,0.0036823370565852984,0.2463483490855528,call_dcdbcc7d70e4,synthetic,train
0.06592316180467606,0.10744985193014145,0.20640688251349362,0.043946038840681705,0.1296270191669464,0.07428012788295746,1668.2839873115613,299.42065778635646,1128.2072244545438,162.23161044149262,3051.3236782384693,502.71078034341195,18.272086671222617,-368.03485107421875,209.5793914794922,10.923550605773926,21.526016235351562,-5.84550666809082,22.652482986450195,0.037649884819984436,10.62960147857666,-15.917577743530273,28.870986938476562,-1.4052863121032715,9.71203327178955,-11.61577033996582,21.524303436279297,1.5866646766662598,7.538759708404541,-9.604387283325195,16.8778133392334,1.143824577331543,5.790267467498779,-4.899031639099121,10.189760208129883,-0.8223467469215393,6.6441330909729,-3.1407532691955566,8.086954116821289,225.11497005700485,91.69396291862884,0.30814524043179586,22.832082771251407,12,3.133333333333333,2.7809031306793535,0.28834355828220853,17,3.6023529411764694,4.912000000000001,3.7633233539873605,1.5,0.007668711656441663,0.24969325153374256,call_df3e278ab7fe,synthetic,train
0.020921673625707626,0.03922898322343826,0.27384495898628797,0.07222483995322022,0.24644146859645844,0.14998359978199005,1608.0018953314088,340.32917955274564,1141.419427724899,189.0928624209935,2983.7003652464905,653.8902733268072,17.072128616095714,-445.9024658203125,164.62001037597656,18.969226837158203,27.059383392333984,2.426985502243042,21.09220314025879,3.257556915283203,14.17496109008789,-9.396504402160645,25.202796936035156,-1.131033182144165,10.473494529724121,-5.3599958419799805,13.70698356628418,-3.8690035343170166,10.451419830322266,-1.4840261936187744,6.708901405334473,-2.5379538536071777,6.932728290557861,-0.792208194732666,5.083502769470215,-2.149153470993042,5.764171123504639,-2.1861934661865234,5.6601667404174805,135.12326248747328,84.03434303411888,0.6793992817499184,16.22401432416806,18,2.8877777777777762,2.3278042957916747,0.26523114603530956,25,4.247999999999998,5.490833333333335,5.762976601163293,0.10000000000000009,0.01132768649862226,0.20420451066435386,call_db5326bcb672,human,train
0.05095582827925682,0.07565119117498398,0.15664360202711144,0.09716207642036129,0.11941568553447723,0.1607021540403366,1135.299033907486,553.9482468789108,891.2407101721267,390.3100971622248,2178.0691685407296,1122.1925045545493,19.549608316440462,-370.21270751953125,186.6219940185547,34.397403717041016,43.01054763793945,-7.335780143737793,29.902952194213867,-9.968376159667969,18.21893882751465,-15.452139854431152,24.7158145904541,-5.102038383483887,10.715542793273926,-7.761453151702881,13.917777061462402,-1.0875892639160156,7.62822151184082,-5.03827428817749,9.117812156677246,0.6521775126457214,5.359379768371582,-3.7997491359710693,7.518884181976318,-3.7979729175567627,7.003176689147949,-2.2512776851654053,5.5607147216796875,174.36964262760802,78.02573708471317,0.43428285857071464,18.866892184180315,18,2.6566666666666663,1.8192947351469289,0.37347703842549196,13,3.9169230769230765,3.0600000000000023,2.4532699267168585,1.0799999999999983,0.02186816619806301,0.2507029053420806,call_e0c1f661d9ca,human,train
0.0350227989256382,0.045433156192302704,0.17913232329222012,0.07136563495367663,0.10858485847711563,0.08434652537107468,1414.6468475226022,522.7214230740168,1025.6986442255588,236.3818309044238,2605.403522296015,890.7977185444026,18.902841142850278,-412.3367614746094,223.18727111816406,40.505104064941406,49.55599594116211,-2.1807467937469482,21.520231246948242,11.072324752807617,19.489595413208008,-10.717479705810547,19.17353630065918,-3.7899837493896484,11.499943733215332,-10.623064041137695,18.07653045654297,-1.3452754020690918,10.6199312210083,-8.799099922180176,14.091392517089844,-0.3090144395828247,7.199527263641357,-3.2796967029571533,8.405778884887695,-1.971943974494934,6.737062454223633,-2.2465035915374756,7.454248428344727,126.46337500875462,40.49884043264775,0.3476280834914611,10.854131358741647,14,5.0657142857142885,3.242674633001309,0.42064056939501815,16,4.056249999999998,6.761250000000003,4.829909257687973,1.9400000000000013,0.003202846975088963,0.197627520759193,call_df75973c8794,synthetic,train
0.026897285133600235,0.03936462104320526,0.19665749674761493,0.05622798576499314,0.11850287765264511,0.08884619921445847,1506.9345188963305,451.51901280166686,1061.6327729525447,226.9551790871402,2779.6288893104943,779.7653485914218,19.33913505430742,-429.66510009765625,194.99388122558594,26.185165405273438,35.372840881347656,-7.161682605743408,24.52486801147461,7.459356307983398,14.866774559020996,-15.451099395751953,26.459590911865234,-3.251955986022949,10.53147029876709,-11.680807113647461,19.53936767578125,-2.142662763595581,10.137531280517578,-7.650327205657959,13.543630599975586,-2.198343276977539,8.052913665771484,-3.248401403427124,8.24919319152832,-2.95328688621521,8.196574211120605,-3.0061049461364746,7.2909016609191895,186.23699592319113,45.55098540262325,0.38941890719861233,13.255493579281692,13,4.038461538461537,2.352248829569913,0.3557874762808348,10,6.421999999999997,9.564000000000004,9.413436354488192,2.8800000000000097,0.0021686093792356153,0.21116833830306359,call_e0a8703be347,synthetic,train
0.08520802855491638,0.10866586863994598,0.09199027994438416,0.028095024777826588,0.013811765238642693,0.01284591294825077,718.4559470508178,211.8026440042713,740.2066984811587,150.10461476964034,1460.5305548019533,488.03976154856105,20.436057925371568,-229.0655517578125,133.85382080078125,95.82413482666016,24.404891967773438,3.6613097190856934,17.821840286254883,15.359156608581543,18.121421813964844,-0.6360371708869934,27.13690757751465,3.8161303997039795,10.135653495788574,-4.747199058532715,14.65087604522705,3.5042965412139893,11.047924041748047,-6.341943264007568,8.653407096862793,0.7749507427215576,7.658997058868408,-3.0563783645629883,7.585013389587402,-5.212618350982666,7.533825397491455,-5.587815284729004,7.795412063598633,97.90279007784483,29.568396516689763,0.9603906673901248,8.498895756000682,19,2.2136842105263153,2.6906313298013504,0.3566220111921315,16,2.736250000000002,4.998666666666668,4.249928417697827,1.0,0.034933016788197414,0.30710530778361866,call_e3064936e37a,synthetic,train
0.07608606666326523,0.10223299264907837,0.15858331565451594,0.04984488661107521,0.026611093431711197,0.017710819840431213,956.2925858755857,194.92263693533096,796.940469660389,129.7260180205982,1841.6031766528927,392.37861496507077,21.856525965026993,-196.84268188476562,111.75203704833984,77.81593322753906,19.240854263305664,-18.08156394958496,26.82781219482422,15.47599983215332,17.447059631347656,-34.05790328979492,15.595209121704102,-14.54259204864502,14.025115966796875,-19.23765754699707,12.25902271270752,1.9702342748641968,12.06933879852295,-10.508298873901367,10.427618026733398,-3.6097421646118164,10.291887283325195,-8.022110939025879,9.553707122802734,-9.286542892456055,8.90584659576416,-11.948409080505371,8.348311424255371,130.46337919214517,28.898656363149673,0.3600944510035419,10.406448973393791,27,1.3444444444444439,1.377645154907281,0.3349326443993355,6,4.433333333333334,2.7199999999999975,1.832193585114121,0.19999999999999574,0.04152057575198378,0.4611551946853665,call_e2200941723b,synthetic,train
0.02983955852687359,0.05693534016609192,0.21240588655036277,0.06845254586239222,0.20545949041843414,0.14248691499233246,1352.0672007461972,290.93045736062976,1011.3757048832854,187.9302552549122,2567.6333093256508,581.7413524110873,16.910880745070227,-384.3262939453125,171.62701416015625,34.71725082397461,23.138147354125977,-5.5392866134643555,27.375255584716797,0.6536005139350891,16.47944450378418,-11.963972091674805,20.3339786529541,-7.630348205566406,10.20522403717041,-9.58051586151123,12.605817794799805,-5.211301803588867,8.079402923583984,-6.4954938888549805,6.952810287475586,-4.1460795402526855,6.404098033905029,-3.995748996734619,6.737156867980957,-4.717095375061035,5.989564418792725,-2.336775302886963,5.195779323577881,187.1997595364438,126.616098589649,0.3691848058045241,19.814578288519247,27,1.7748148148148146,1.7929044724100398,0.31963713980789754,24,3.332499999999998,2.5104347826086983,2.054609829163319,0.8200000000000074,0.09044823906083237,0.23732657417289238,call_e118b75d4937,human,train
0.016133129596710205,0.03300100937485695,0.1942586078902715,0.044284135375913254,0.1378229707479477,0.07313215732574463,1636.8546100090305,391.4313099025151,1122.2938197674202,201.48764372476936,2994.407228035445,673.3619395235245,18.20564509987122,-501.9119567871094,175.50747680664062,17.6512508392334,29.381622314453125,-3.8953192234039307,17.96155548095703,5.487550258636475,12.10258674621582,-8.496816635131836,22.507856369018555,-0.572819173336029,8.099188804626465,-5.685678482055664,15.629436492919922,-0.2830199897289276,7.099165439605713,-3.4205009937286377,10.796065330505371,-0.15865382552146912,6.07563591003418,-1.1529232263565063,6.8339738845825195,-0.6710042357444763,6.1790690422058105,-0.4893980324268341,5.560017108917236,147.88261230890203,59.83929900654805,0.35558069381598795,12.625002505731475,15,2.2786666666666657,1.8398763243459852,0.2013905255715295,19,4.001052631578945,5.7317647058823535,3.544527240183292,2.5600000000000023,0.003181711053499877,0.353876973839265,call_e106a61086bb,synthetic,train
0.012574288994073868,0.026984162628650665,0.08015391865714652,0.12396207495961954,0.04302549734711647,0.11279740929603577,524.2368502586979,704.4601848454671,393.9027086553349,491.85567124229283,950.745629482582,1276.8059532509824,23.095901663064524,-510.90631103515625,147.7748565673828,21.33806037902832,37.889381408691406,-4.308208465576172,24.200712203979492,-5.2209038734436035,15.928953170776367,-3.4098896980285645,15.005248069763184,-4.0649333000183105,13.011906623840332,-3.3581764698028564,13.149531364440918,0.9582622051239014,6.270049095153809,-2.360313892364502,9.6627836227417,0.7479966878890991,5.5838093757629395,-1.6766517162322998,6.968958854675293,-0.830199122428894,5.906361103057861,-0.9238536953926086,6.027044296264648,225.12786192013425,122.78378363608789,0.17981557377049182,21.43149486898844,15,1.8,1.5219986859389856,0.21613832853025935,19,3.7410526315789467,2.8600000000000003,3.2162711328493434,0.10000000000000142,0.02833813640730069,0.24319564521293635,call_e58669998b76,human,val
0.028748324140906334,0.051381196826696396,0.17242392093007558,0.10381963271260891,0.17822638154029846,0.17355996370315552,1207.5262343392828,581.9290954370975,966.6799277190203,392.6569171804168,2380.1316988390927,1127.4354989740252,18.754472854946957,-426.5861511230469,177.01100158691406,29.9506778717041,39.8791618347168,5.586724758148193,18.051952362060547,4.423158645629883,14.640559196472168,-8.787327766418457,19.125062942504883,-2.824894666671753,9.48076057434082,-7.892329216003418,13.869460105895996,-6.436168193817139,10.415321350097656,-2.1241507530212402,7.34691047668457,-4.565691947937012,8.026729583740234,-2.3193185329437256,6.5933966636657715,-3.1307408809661865,7.043879508972168,-2.2012500762939453,5.936354160308838,114.70619070195978,42.11700034382835,0.5367170626349892,14.103994514345393,13,2.6753846153846155,1.887499833457417,0.29355165428764346,13,4.501538461538463,3.7349999999999994,3.371865210829162,0.980000000000004,0.010297096556380824,0.2228224172856177,call_e4d9c2e0947a,human,train
0.02639758586883545,0.04970521852374077,0.19980822943652848,0.09376742943699612,0.22305414080619812,0.16731983423233032,1341.170666947715,480.18914637677375,1059.1469996242863,294.7332697916097,2639.19979220639,926.4650200105142,17.52232435460226,-433.8970947265625,170.28195190429688,27.835851669311523,37.648902893066406,7.3464250564575195,17.855987548828125,3.066847801208496,15.149489402770996,-7.045466899871826,17.573558807373047,-2.5907461643218994,9.492022514343262,-7.615222454071045,13.465174674987793,-5.710903644561768,9.669904708862305,-3.454918384552002,6.816695690155029,-3.937467575073242,7.2213287353515625,-2.5504415035247803,5.897675037384033,-3.5476512908935547,7.070385932922363,-2.4790427684783936,6.116395950317383,107.27488359037973,34.906212883479604,0.6196027633851469,12.045780039900633,12,3.3116666666666656,2.12619312909769,0.2681873397219597,17,4.263529411764705,4.304285714285716,4.679140205339493,0.8799999999999955,0.00485895532460521,0.24753677959238785,call_e31bf946a8fa,human,train
0.02601754292845726,0.05237966403365135,0.1831081188517639,0.04080083015082747,0.13096240162849426,0.07525644451379776,1591.468465523325,440.2351811723546,1101.514725372569,222.67837733778455,2925.6028098145634,764.0215615432003,18.018099702178922,-453.61297607421875,148.91180419921875,18.191814422607422,32.9898567199707,-1.3820726871490479,14.742698669433594,-1.3202250003814697,7.334066390991211,-14.257650375366211,29.285545349121094,-2.4183895587921143,9.487170219421387,-5.113725662231445,13.355621337890625,-0.8649899363517761,5.801523685455322,-4.693554878234863,11.241124153137207,-0.9310539364814758,4.996265888214111,-2.4598388671875,7.2000041007995605,-2.468235731124878,7.08544921875,-1.1685553789138794,5.19475793838501,207.6196421011652,77.029648762617,0.3048394391677974,15.247319274220736,10,3.193999999999998,2.852606527371067,0.22578820868089908,15,3.5173333333333336,5.676000000000003,2.6496913027747238,3.1599999999999966,0.008200197935812219,0.4094443658984873,call_e3084824935d,synthetic,train
0.032184261828660965,0.05603337660431862,0.25574570506238375,0.08591014892290083,0.3187231123447418,0.20482438802719116,1429.5870189859825,418.81417966479,1070.7333809206534,232.54978773672974,2724.2921284097956,872.8217083229086,16.008162449394014,-434.19219970703125,168.9922637939453,35.44809341430664,39.52290344238281,1.6117298603057861,19.725133895874023,-4.802927494049072,14.174626350402832,-6.977429389953613,15.229132652282715,-1.775272011756897,7.797857284545898,-6.055042266845703,12.800508499145508,-3.0520756244659424,7.074355125427246,-2.5501697063446045,6.033690452575684,-2.5047030448913574,6.0581464767456055,-1.9582093954086304,5.136287689208984,-3.286259651184082,6.737078666687012,-0.9972748160362244,4.608702659606934,144.6822105430379,84.36532879818897,0.7892126472411656,15.458718353022308,24,2.460833333333335,1.7991616489045352,0.28606025380218947,29,3.43241379310345,5.582142857142854,4.766308362681043,0.9400000000000119,0.016952436307275047,0.24876489392618384,call_e2d538297f0c,human,val
0.02452312968671322,0.05549180135130882,0.18798426660457349,0.03641348988855234,0.1377459615468979,0.06966041028499603,1638.7008368587024,387.3467053810101,1122.7937671792395,205.2032080995073,3006.846977774923,667.1754222803609,17.974074257375555,-443.2336120605469,155.97415161132812,14.302372932434082,28.178728103637695,-2.890930652618408,19.670515060424805,1.243966817855835,8.185500144958496,-10.652623176574707,26.615009307861328,-2.388068675994873,9.426838874816895,-6.056716442108154,16.073949813842773,0.8666917681694031,4.967818260192871,-4.157195091247559,11.376728057861328,-0.16789402067661285,5.241368770599365,-2.8919589519500732,8.490921974182129,-2.347661018371582,7.004182815551758,-2.0281713008880615,6.42398738861084,199.23932087588176,68.53664822682465,0.22404933196300103,18.61364405918206,11,2.281818181818183,1.8140553172973741,0.2015740443302282,14,4.854285714285715,3.4257142857142857,1.9979622271766018,1.6799999999999997,0.004336652746546733,0.2569868294249916,call_e3f555297277,synthetic,val
0.01974552683532238,0.03905244171619415,0.18656146690181175,0.04409808471478993,0.13242772221565247,0.07302650064229965,1596.436901755278,416.5844473437949,1106.5182158880036,213.7380584600162,2942.9339337775928,710.3062752782591,18.15243334036568,-462.99713134765625,163.4644775390625,18.493427276611328,31.880273818969727,-2.3725662231445312,19.28666114807129,0.11582326889038086,8.55688762664795,-12.181835174560547,26.443735122680664,-2.1837730407714844,8.450148582458496,-7.457078456878662,16.649808883666992,0.6756010055541992,5.320261001586914,-4.509067058563232,11.471463203430176,0.36624693870544434,4.838391304016113,-3.4432740211486816,8.980584144592285,-2.942246913909912,7.950357437133789,-2.56339693069458,7.312755107879639,181.45596087744343,73.62395860861338,0.33069554352353187,17.7315810128585,16,2.275000000000001,2.1963776997593096,0.23697916666666677,21,3.0961904761904755,7.302857142857145,4.625928110590752,2.8400000000000034,0.00690104166666667,0.3466145833333334,call_e329faf2b6a1,synthetic,val
0.011426386423408985,0.026689214631915092,0.18717251441030902,0.11082339591469502,0.1517036110162735,0.15785002708435059,1392.4765378964216,556.5469272095057,1006.8352005263689,359.07482525417623,2584.6888580395944,1043.5844523251312,18.74517108566835,-493.96600341796875,156.778564453125,19.59265899658203,28.87721061706543,-3.7342138290405273,24.859600067138672,9.295154571533203,17.259658813476562,-10.103983879089355,27.281673431396484,-5.514510154724121,13.092679977416992,-4.594192028045654,12.828619003295898,-1.6702988147735596,10.401252746582031,-2.3441152572631836,8.445584297180176,-0.5674340724945068,7.777418613433838,-1.2486469745635986,7.275726318359375,-0.7275345921516418,6.209768295288086,-1.120627522468567,6.4251484870910645,193.21849548830477,338.33596662050076,0.2245292129406084,25.31070415523304,20,1.6830000000000005,1.7139810384015344,0.2539993963175371,16,5.11125,2.4653333333333327,2.2617098743109305,0.19999999999998863,0.056444310292785904,0.18533051614850593,call_e618b7b1fa5b,human,train
0.02044280432164669,0.032875414937734604,0.09090176268271712,0.02579835909854508,0.014548263512551785,0.00937365647405386,654.4915381747295,143.54470250926093,692.2815660413787,104.05278233940899,1285.0235785683576,309.31746379856367,19.10333191442321,-323.3825378417969,94.80521392822266,127.39138793945312,22.350290298461914,-15.032047271728516,12.976627349853516,21.48633575439453,11.443330764770508,4.432620048522949,16.554683685302734,6.045663356781006,10.134346961975098,-0.3723898231983185,12.72937297821045,-0.36498796939849854,6.246726989746094,-5.515996932983398,8.25564956665039,-0.1051957979798317,5.67875337600708,-4.150277614593506,5.563565254211426,-3.199408531188965,4.517030715942383,-2.9763848781585693,4.890200138092041,85.19075153582611,23.997510466138785,0.9359415305245056,8.643442188634532,16,1.5100000000000005,0.7042016756583312,0.1623001477898697,18,3.958888888888888,6.670000000000003,5.673314727740741,0.7999999999999989,0.004971113798199688,0.36396614268440164,call_ec545493459e,synthetic,train
0.01031184196472168,0.022299300879240036,0.13760847530976678,0.09791320376382256,0.10922818630933762,0.13095515966415405,1056.5276283421458,629.9152258733524,838.5485291720843,463.6789152327333,2078.479669929196,1249.0013297907099,20.729742255368517,-492.3609924316406,137.92091369628906,32.79471206665039,33.54934310913086,-3.4877398014068604,23.92493438720703,-7.101320266723633,17.87925910949707,-10.66270923614502,21.217313766479492,-2.4863550662994385,9.228137969970703,-5.136897563934326,10.792263984680176,-4.098517894744873,8.811071395874023,-2.8065130710601807,8.073688507080078,-0.3607273995876312,6.3154778480529785,-1.760129451751709,5.997536659240723,-2.793281078338623,7.303798675537109,-3.0018622875213623,6.943104267120361,228.98220831496414,136.01712282934798,0.29820907955018744,23.778791866743497,21,1.9771428571428569,1.9837269946027463,0.2702069504099961,20,4.1320000000000014,4.2389473684210515,4.286072788065823,0.7400000000000091,0.02954575035793339,0.22152804893921663,call_e69e8ba551e4,human,train
0.015739619731903076,0.031202424317598343,0.09617313064178776,0.11598084620680754,0.0877305194735527,0.14808355271816254,831.8388547876117,835.3064545606079,606.7197407600863,555.2013964471599,1532.5744440774988,1489.7376469341325,22.4347874685501,-477.1387634277344,182.43084716796875,17.963098526000977,34.034603118896484,1.5359941720962524,21.460201263427734,0.6600657105445862,13.329876899719238,-3.481074094772339,17.225608825683594,-3.5929510593414307,12.717771530151367,-2.3053033351898193,13.647614479064941,-1.0328840017318726,8.017643928527832,-2.988560914993286,8.836989402770996,-0.03520044684410095,6.184418201446533,-1.2945863008499146,7.619663238525391,-0.69447261095047,5.378955364227295,-1.0755549669265747,6.146284103393555,182.97835927170627,75.81118585650486,0.1831792162043153,17.033917732656732,23,1.6539130434782603,1.78329869996816,0.26176713459950446,20,3.601999999999998,2.4600000000000004,2.211108319372888,0.46000000000000796,0.06702449766033573,0.30952380952380965,call_eb1c9a5a2c08,human,train
0.007558593526482582,0.016009792685508728,0.1804753904141932,0.045578732937531764,0.13259078562259674,0.06870235502719879,1565.4219495410907,495.5946880144159,1103.569080922081,229.48301244383708,2862.406401780896,891.5474402804268,17.50608050786711,-530.5960083007812,140.6500701904297,25.874479293823242,44.830787658691406,4.275353908538818,16.50704002380371,3.5265703201293945,9.681008338928223,-5.26790714263916,15.996648788452148,-0.039527229964733124,8.048721313476562,-3.2176899909973145,11.845759391784668,0.1261475831270218,6.561005592346191,-3.775456666946411,11.493321418762207,0.7117286920547485,5.357524871826172,-2.4105725288391113,8.675039291381836,0.5368505716323853,5.010133266448975,-1.3167589902877808,6.7536702156066895,125.34516549957563,53.01679019753867,0.30868861305990286,14.418057940037933,9,2.8777777777777773,2.1829530344506467,0.21849164838872948,16,3.9087499999999995,3.7633333333333336,2.6319046757476263,0.22000000000000597,0.0074236544626285796,0.26134638096844953,call_e6c59d28e6d7,synthetic,train
0.041956596076488495,0.08808526396751404,0.1783760985818011,0.046970219903001806,0.1326492875814438,0.07342767715454102,1559.7316513096964,497.214014758638,1084.923661382076,251.42910192692938,2854.182446197242,879.5518981182784,18.129671461266792,-402.0635070800781,158.0120391845703,24.725887298583984,45.599647521972656,-0.6323955655097961,15.191720962524414,2.5068514347076416,11.57940673828125,-7.76513671875,18.859268188476562,-4.221701145172119,11.264162063598633,-6.354642868041992,14.8585844039917,-1.8604751825332642,7.824056625366211,-3.350275993347168,8.37831974029541,-0.5450090765953064,5.937030792236328,0.05722847953438759,5.0489606857299805,-2.2465155124664307,6.2998528480529785,-1.9271334409713745,6.2534613609313965,136.67172481911996,63.399714475721794,0.23944839114082742,16.336196061581255,8,4.344999999999998,2.573494705648331,0.2270411495754408,17,4.518823529411766,6.775714285714287,5.186477905209324,2.4799999999999898,0.0,0.271195297191378,call_e697765a4dfd,synthetic,train
0.02664176933467388,0.01992769166827202,0.16402984299456083,0.04226204561620125,0.026912126690149307,0.014789092354476452,926.5385553036386,194.16957869589095,755.4151763046547,127.25771335911595,1740.4625805801772,373.1109065613943,21.121680667110272,-231.35752868652344,85.35066986083984,89.36000061035156,21.31603240966797,-27.93315887451172,21.643680572509766,16.32533836364746,14.01639461517334,-39.27207946777344,13.936460494995117,-13.5460786819458,11.008149147033691,-21.61179542541504,11.601157188415527,3.682988166809082,11.355144500732422,-15.09968376159668,10.01006031036377,-2.9323062896728516,8.7357759475708,-12.411002159118652,8.804010391235352,-6.895134925842285,8.305276870727539,-13.353157043457031,7.8551530838012695,179.85269854155348,62.52812384715717,0.23690572119258663,20.96879969002194,15,1.6599999999999997,1.7379528186921533,0.31376008064516125,5,3.024,2.008,0.9137702118147647,0.6000000000000001,0.02469758064516129,0.520413306451613,call_ed020e30c242,synthetic,train
0.03436671197414398,0.07206228375434875,0.14157792088626558,0.137252364458365,0.11376313865184784,0.15924477577209473,952.3596290554416,767.5987365546462,713.6020764361831,539.680649329558,1812.3876438159157,1446.9967153797206,23.115631348541974,-418.4604797363281,169.2724609375,12.18185806274414,25.59225845336914,-1.5111256837844849,20.405975341796875,-3.739177942276001,14.096061706542969,-7.754734039306641,19.61345863342285,1.5300235748291016,8.244709968566895,-5.9734721183776855,14.411905288696289,-1.229140043258667,6.432943344116211,-4.177162170410156,9.866289138793945,0.14800329506397247,4.72418737411499,-3.1881051063537598,7.636781692504883,-1.8349841833114624,5.98813009262085,-1.8949077129364014,5.728368282318115,300.6185330854684,409.42766860563887,0.33844678811121764,35.76616572010426,16,2.056249999999998,2.201785851871159,0.24651580998051828,17,4.143529411764706,4.775,5.713219320138164,0.720000000000006,0.017833058594335285,0.24351865727558852,call_ec58505fc522,human,train
0.01604311913251877,0.034594252705574036,0.42638306976646506,0.1512125907110842,0.2714255750179291,0.15073737502098083,1847.3742187588696,531.1036103933475,1026.9067791988518,124.96069628135068,3094.2942848342295,691.5926249905096,16.714456857977407,-395.16693115234375,108.20683288574219,-6.5806427001953125,46.805091857910156,-16.471166610717773,24.036113739013672,-9.6881103515625,21.533674240112305,-10.566959381103516,13.947311401367188,-2.744295835494995,12.293792724609375,-3.5644052028656006,12.557350158691406,-0.6491947770118713,10.346458435058594,-3.3741118907928467,9.316061019897461,-7.0888352394104,7.621773719787598,-1.150917649269104,7.351156234741211,-2.9633255004882812,6.483364105224609,-2.1196157932281494,7.986027717590332,135.29534596003495,22.28541433765267,0.14157706093189965,8.461996177679268,21,1.267619047619046,1.3257375476886346,0.18638846099985976,23,3.730434782608693,3.89727272727273,4.815430861321268,0.3200000000000003,0.018624842459039302,0.2314801848480611,call_e9bd33cdb226,human,val
0.05749109759926796,0.09965206682682037,0.095000244140625,0.02411018076407444,0.011792792938649654,0.008564788848161697,690.7712932254923,173.59440774241108,694.1366105676635,95.39419894656204,1358.474609375,385.8378020294863,19.596679571004323,-273.2324523925781,105.63463592529297,103.66210174560547,19.77597999572754,-1.3222572803497314,18.529775619506836,7.3932881355285645,8.649212837219238,0.7701930999755859,33.258934020996094,4.192085266113281,9.452178955078125,-1.6071441173553467,15.006165504455566,0.4131629467010498,6.391801357269287,-6.015753746032715,8.608797073364258,-3.0198616981506348,6.404817581176758,-4.892860412597656,6.090426445007324,-6.0620808601379395,6.0998358726501465,-3.0211894512176514,4.724883556365967,120.08579773103133,75.99626819098738,0.9765,11.170426330760359,17,1.828235294117649,1.212232919252332,0.24292637173675188,20,3.325,4.135555555555554,3.233618925913299,1.6200000000000045,0.022979521650773837,0.2602782554322335,call_f0ad1cf1aa6a,synthetic,train
0.01802622340619564,0.04008465260267258,0.16813290083228644,0.10646408263492985,0.16254287958145142,0.1636407971382141,1256.561788445362,613.856927907766,982.468740073256,410.2226870210362,2431.3128140703516,1187.851590148689,18.696283562338166,-473.6435852050781,152.44615173339844,23.507402420043945,35.46744155883789,1.9879471063613892,16.678386688232422,2.5317397117614746,13.906586647033691,-5.6482415199279785,16.814289093017578,-7.295609474182129,16.786163330078125,-5.328977584838867,12.588505744934082,-4.587981700897217,11.281708717346191,-2.025441884994507,7.617473602294922,-1.7353237867355347,7.273825645446777,-0.022964125499129295,5.003193378448486,0.6141820549964905,4.772968292236328,-1.576027512550354,6.600103378295898,123.74801381012577,97.03357311122708,0.2819095477386935,18.395734219977125,14,2.00142857142857,1.855932022857893,0.22004083555834758,18,4.046666666666666,4.672500000000003,4.919481044785112,0.3600000000000012,0.01617716349929324,0.22412439139312113,call_f003741555a1,human,train
0.009733399376273155,0.01706545427441597,0.29939635053344277,0.10153982658799407,0.32961565256118774,0.20322389900684357,1508.3031110801494,395.500471533943,1064.4005329847307,185.42042043749868,2814.1557883668443,716.6691907189485,15.980970630805752,-453.2332763671875,138.73312377929688,38.153594970703125,33.228309631347656,-0.5657021999359131,19.926719665527344,1.6232552528381348,15.586922645568848,-13.052740097045898,19.63555908203125,-7.846006870269775,10.429931640625,-14.640314102172852,15.879042625427246,-7.09503698348999,8.35262393951416,-8.762815475463867,11.582103729248047,-1.6594990491867065,6.332056999206543,-4.5871663093566895,6.039737224578857,-1.896639108657837,5.759438514709473,-3.3322601318359375,5.221345901489258,104.89546999326316,50.234705728876236,0.3992613869511695,20.334253710775076,22,1.9181818181818182,1.7608253136310723,0.27061690393741183,25,3.150399999999999,3.895000000000001,4.392392096948238,0.19999999999999574,0.029113761703219273,0.25343080672053375,call_ed041799aed9,human,train
0.010577595792710781,0.023578103631734848,0.06979925645007166,0.1046660178274839,0.04326670244336128,0.11139914393424988,511.28893436288985,665.397299088274,406.6631398051924,494.62947233038153,930.6971900382226,1251.2548022939661,23.178940562220184,-519.24365234375,137.1433868408203,26.101293563842773,43.64027404785156,-4.103170394897461,22.74823570251465,-4.938945770263672,15.682452201843262,-3.3348066806793213,15.134408950805664,-4.952569961547852,13.985543251037598,-3.2886345386505127,12.18594741821289,-0.730431079864502,7.043972969055176,-1.373232364654541,7.8330078125,-0.16963805258274078,5.807852745056152,-1.7120479345321655,7.0148606300354,-0.04724966734647751,5.015222549438477,-1.4677586555480957,6.899867057800293,199.01931094946465,173.57575309068324,0.2508361204013378,19.37759074799325,14,2.148571428571428,1.5986014295665587,0.22464525765496635,17,4.438823529411766,5.7499999999999964,5.130370357001529,0.7199999999999989,0.018820014936519705,0.23061986557132164,call_f1b82a4a46f6,human,val
0.01124299131333828,0.02564113587141037,0.10457143733638743,0.0502358098519363,0.09921698272228241,0.06423923373222351,1129.784624857186,220.64899339511365,1071.526481768404,160.16432377262987,2474.9276525687173,573.5907455849606,16.938696614176884,-483.8497314453125,129.18617248535156,54.364898681640625,29.7945613861084,18.069725036621094,17.643232345581055,2.3145086765289307,14.490007400512695,-5.375604629516602,15.6240873336792,-2.7642292976379395,8.305129051208496,-8.008108139038086,10.255135536193848,-4.550262451171875,6.981064319610596,-3.8317079544067383,6.339626789093018,-1.1912033557891846,5.578025817871094,-2.8560783863067627,5.411882400512695,-2.1816201210021973,5.678378105163574,-2.252847194671631,5.56156587600708,110.41327346858843,45.123428162246164,0.68717277486911,12.736470855733154,24,2.2075000000000014,2.6387927321662348,0.2708865937212395,32,3.051250000000001,3.6741935483870964,2.8943646850873774,0.01999999999999602,0.05859494835872792,0.28847530422333545,call_ee227bc9d7ac,human,train
0.04664795100688934,0.09406214952468872,0.20364149653892455,0.038864692586894824,0.13976944983005524,0.06396566331386566,1706.0566487176486,299.93266421794164,1146.7437825363718,173.3886615176542,3105.5863137038523,525.5741481603885,17.753981875531785,-409.14508056640625,193.2352294921875,8.503582000732422,19.245038986206055,-3.5143513679504395,21.363447189331055,0.5077812671661377,9.249872207641602,-11.371729850769043,26.47342872619629,-0.8343519568443298,7.464113712310791,-8.300259590148926,19.510082244873047,1.8301067352294922,6.4439263343811035,-6.293271064758301,14.550527572631836,1.172585129737854,5.0141191482543945,-3.6250767707824707,9.565261840820312,-0.4497331380844116,5.095820426940918,-2.2419345378875732,7.469703674316406,206.62659847755307,80.94384991341629,0.17897271268057785,22.472256626189825,12,2.7616666666666685,2.5123091414517877,0.20782641414774877,21,4.342857142857141,3.969999999999999,3.242090375051259,1.8000000000000043,0.009657594381036057,0.22990091559011683,call_ed99e3ea3f0e,synthetic,train
0.04407103359699249,0.08407936990261078,0.1886196852725139,0.040754674832745745,0.13607878983020782,0.0723252072930336,1611.12378077853,415.0894324325715,1120.696187305403,190.93480331322556,2966.696366481224,689.3003256387,17.93927139378267,-403.3513488769531,192.6599884033203,19.3475284576416,35.60797119140625,-0.5730026960372925,18.048887252807617,8.006163597106934,17.297286987304688,-8.478327751159668,20.05027961730957,0.31207433342933655,7.681983947753906,-4.526395797729492,13.000770568847656,1.982010841369629,7.911881923675537,-2.4976909160614014,8.670686721801758,-0.04823300987482071,6.653166770935059,-1.031268835067749,6.63677453994751,-1.6991325616836548,6.781257152557373,-2.5314877033233643,7.135975360870361,117.52916561653987,36.79286573874901,0.18463143254520167,11.467764223012592,14,3.0728571428571407,2.4145583108996753,0.23380434782608678,21,3.7590476190476174,8.415238095238099,7.84466553297609,1.3800000000000239,0.006413043478260839,0.34358695652173954,call_eed2c7389776,synthetic,val
0.06964575499296188,0.10692978650331497,0.08860835260215351,0.020661316374455247,0.012986954301595688,0.008111151866614819,678.1741141514265,159.74160066572023,716.5872561839273,119.81048136156518,1374.0919209000551,403.50498979480017,19.800353386246332,-253.71791076660156,126.89405059814453,107.1549072265625,22.06069564819336,-0.7418372631072998,15.293591499328613,14.932458877563477,14.628210067749023,5.6082024574279785,22.773202896118164,3.5431249141693115,8.57412338256836,-1.2296321392059326,14.447888374328613,1.4636321067810059,8.396605491638184,-4.961784839630127,7.664835453033447,0.19011381268501282,6.55363655090332,-3.9462618827819824,6.222755432128906,-4.178740501403809,5.335390567779541,-5.547506809234619,7.119719982147217,91.14267876241752,25.848035278421683,0.9834345665378245,7.837562830749482,12,2.573333333333334,3.4061154152820814,0.2665745856353592,21,2.8047619047619032,6.624761904761905,6.181335669383793,1.6799999999999997,0.02986878453038693,0.2548342541436469,call_f2ab1c408b36,synthetic,train
0.02263723500072956,0.041656751185655594,0.20143238761974944,0.06366833820155501,0.13792762160301208,0.10269838571548462,1544.919959681045,462.3106259449313,1072.4020479610726,246.21438217893146,2809.6070145541635,837.4351430464526,18.284862754789547,-441.8609924316406,171.38204956054688,24.735267639160156,39.4462776184082,-4.636972904205322,24.839744567871094,4.6589460372924805,17.12146759033203,-7.107912063598633,19.35607147216797,-3.132560968399048,11.550827980041504,-6.7270708084106445,15.421120643615723,-4.943717002868652,13.65566635131836,-6.734757900238037,14.252697944641113,-1.417533040046692,9.454916954040527,-2.3035788536071777,8.133072853088379,0.06561337411403656,5.807830333709717,-1.6016345024108887,7.388002395629883,122.5618419147488,67.33941145639157,0.16728076639646278,22.58805264543038,18,1.3199999999999985,1.0131798129322027,0.273669661368348,14,2.647142857142858,5.730000000000001,4.282939022057945,0.28000000000000114,0.03040774015203873,0.32987790831605623,call_f27db4ab1f5a,synthetic,train
0.02631188929080963,0.016710618510842323,0.16744679866380457,0.03963253048162664,0.028258375823497772,0.016430513933300972,940.1823914938886,170.6401369912302,765.2455849672489,93.93253364740545,1766.0763611554846,325.285065785668,21.031160296395306,-223.23721313476562,70.73017120361328,91.0898208618164,19.006258010864258,-28.245441436767578,21.481800079345703,17.023958206176758,13.656312942504883,-39.28653335571289,12.825361251831055,-13.436304092407227,11.127103805541992,-22.288576126098633,11.039339065551758,3.619023561477661,11.318524360656738,-14.941582679748535,10.142617225646973,-2.8251376152038574,8.725688934326172,-12.322309494018555,8.601343154907227,-7.101863384246826,8.313665390014648,-13.666999816894531,7.444124221801758,180.85991343643113,80.75281615151994,0.27529286474973375,22.476993700043966,56,1.0467857142857124,0.9210264211016679,0.24386388218653757,19,4.109473684210529,3.5673684210526337,2.956357720156523,0.4000000000000057,0.033197437390797786,0.4645145186787587,call_f1372119b403,synthetic,train
0.017744578421115875,0.03204663097858429,0.1540778129115452,0.10739293213132806,0.11218022555112839,0.14334465563297272,1141.892278741266,596.8803726601496,901.9222061353273,414.49188504822376,2188.7277765583844,1173.7814784401933,19.153246328925512,-457.2731018066406,165.4554901123047,33.17551803588867,37.42277526855469,-0.8412328362464905,26.851926803588867,-6.336417198181152,18.777585983276367,-11.935663223266602,21.67072105407715,-3.7908270359039307,10.82054615020752,-9.827413558959961,16.389171600341797,-3.4628472328186035,8.820348739624023,-5.793341159820557,10.884224891662598,-0.21239200234413147,6.130677223205566,-3.797128677368164,8.139240264892578,-2.4391748905181885,7.073146820068359,-3.1483864784240723,7.21360445022583,221.90573490308182,146.12268313725832,0.3358208955223881,29.097699610686593,30,1.7600000000000018,2.2698604949790777,0.3622890078221494,22,3.4818181818181837,2.684761904761901,4.6110257293409225,0.01999999999998181,0.07520241526005216,0.1873198847262243,call_f202d4ff9f96,human,train
0.017456483095884323,0.029421580955386162,0.09000674595996142,0.0286625018699372,0.01434633694589138,0.00843831617385149,648.5517653028404,146.16933953864165,689.9626452840148,109.32612783233725,1273.8106005788711,306.7774296937076,18.934428840978025,-331.63482666015625,87.41596984863281,127.5971450805664,23.377010345458984,-14.703756332397461,12.863799095153809,21.46257972717285,10.85494327545166,5.261142253875732,15.430512428283691,6.81693696975708,8.528571128845215,0.8698239922523499,11.503998756408691,-0.2527690529823303,5.946717739105225,-4.773958683013916,7.585822105407715,-0.03182806819677353,5.403326988220215,-4.142520904541016,4.969030380249023,-3.2020576000213623,4.104803085327148,-2.7730422019958496,4.777639389038086,85.67076524351945,24.99927671939675,0.9536903039073806,8.214825919535464,14,1.091428571428572,0.5391376334064439,0.11519903498190598,18,3.9977777777777783,6.833333333333337,3.5098021470036067,2.980000000000004,0.0,0.34227985524728577,call_f5251fb3b1d9,synthetic,train
0.03184490650892258,0.04999293386936188,0.18409125993341924,0.06059574156520311,0.12123000621795654,0.07990870624780655,1505.3193532754183,490.6866330919857,1071.1354087803554,229.18431183678211,2778.1961447594504,832.0683496136874,18.545753832905746,-443.3740539550781,215.32821655273438,30.066829681396484,42.747894287109375,0.14210444688796997,19.803512573242188,10.142702102661133,19.170198440551758,-9.495745658874512,20.478759765625,-1.5080351829528809,10.031580924987793,-8.804240226745605,18.13117790222168,-0.6957604289054871,9.167376518249512,-5.969486236572266,12.694829940795898,0.44861945509910583,7.162891387939453,-1.315151572227478,7.172170162200928,-0.9880255460739136,6.568027973175049,-1.5817900896072388,7.485111236572266,122.70427359508304,25.131538242981193,0.2697594501718213,9.095851773293361,11,4.430909090909091,4.234442014428078,0.32715800778628,18,3.6599999999999984,2.688333333333335,1.6397044110313168,0.14000000000000057,0.0026849241508927757,0.23331990871257902,call_f23bfe7d0e9e,synthetic,train
0.009857907891273499,0.022843126207590103,0.18989114924949546,0.11496441333222329,0.17605510354042053,0.15191061794757843,1375.010650775964,576.0650308825398,1004.1269031958378,383.3387170822143,2591.796875,1066.5418609202354,18.31555827334153,-503.9813537597656,155.62481689453125,22.113576889038086,23.87465476989746,-1.3953056335449219,23.24359893798828,0.8760912418365479,12.264257431030273,-5.135627746582031,17.64070701599121,-2.381592035293579,10.101729393005371,-5.903168678283691,12.411236763000488,-4.10734748840332,8.175702095031738,-3.668694496154785,9.295397758483887,0.7571887969970703,5.48928165435791,-1.2383612394332886,5.41612434387207,-1.4934839010238647,5.788849353790283,-0.9327348470687866,5.089844703674316,147.86307522214128,80.28135304526353,0.3703329969727548,19.55620983052299,16,1.5687499999999996,1.2231919054261267,0.19791830941491875,19,3.5715789473684216,3.4711111111111106,3.215581663105256,0.8799999999999955,0.019712979025390365,0.2867055669452766,call_f331303c4fb8,human,train
0.04339899122714996,0.06033455580472946,0.09909564684242796,0.030428787909318303,0.01388260256499052,0.008989517576992512,743.8636426966056,233.934980730293,718.9847260362484,138.2823422168532,1438.4268661863887,477.7337403483739,20.021093376946713,-279.5980529785156,117.6673583984375,101.12242126464844,27.84752655029297,-6.361514568328857,20.378019332885742,8.464803695678711,10.876903533935547,-2.072251319885254,33.070396423339844,2.173280954360962,9.805074691772461,-3.039198398590088,16.36762809753418,3.5142247676849365,7.900092601776123,-7.254817962646484,9.575017929077148,0.7991750836372375,6.879162311553955,-6.916343688964844,7.493032455444336,-4.359817028045654,5.6126203536987305,-4.7972307205200195,6.029635429382324,129.11355762004752,76.38021056618786,0.9662783568362967,11.155836037834787,14,2.3428571428571416,2.1007462231020564,0.3142364437631729,8,5.722499999999998,2.917500000000001,1.41927578363051,1.8400000000000007,0.004981797279172217,0.25215558536118055,call_f9fbabf70f7e,synthetic,val
0.01115657202899456,0.024270182475447655,0.09539791799872123,0.10030578569648693,0.08708131313323975,0.14495272934436798,841.0388446675669,725.6060954416805,694.240751750344,553.3101021946253,1677.5275735294117,1435.731150258669,21.600982689635206,-492.8236083984375,143.1895294189453,16.84360122680664,25.73974609375,4.549703598022461,18.21224021911621,0.5203989148139954,11.224930763244629,-7.544064044952393,21.979352951049805,-1.6681838035583496,9.496325492858887,-5.362046241760254,12.731705665588379,-0.34461212158203125,6.3055338859558105,-2.625250816345215,8.2210111618042,-0.33846864104270935,4.947442531585693,-2.4810261726379395,7.472396373748779,-2.1144320964813232,6.700738430023193,-1.1667600870132446,4.9913010597229,177.35467694264565,89.48836563625284,0.3319693094629156,15.550295606700022,9,2.9044444444444446,2.267975656890284,0.2090196705581321,17,3.988235294117646,4.666250000000002,4.368808297178991,0.7800000000000011,0.0028786182632336717,0.25171917479609807,call_fa26d1186721,human,val
0.043777644634246826,0.09549320489168167,0.18248586746264675,0.05453045466522001,0.13358920812606812,0.07484281808137894,1548.9698461572798,537.7883826483808,1099.9123665356576,235.62306545766464,2838.7445526503025,943.6409579478374,17.779713520921568,-404.9712829589844,152.37774658203125,24.839214324951172,46.9671630859375,6.715908050537109,16.88460350036621,7.811217308044434,17.89766502380371,-2.828011989593506,10.277944564819336,-1.2587047815322876,7.642624855041504,-4.763944625854492,11.82394790649414,-2.232697010040283,8.45592975616455,-2.2305030822753906,8.203102111816406,-0.610236644744873,5.475796699523926,-0.2805556058883667,5.051071643829346,-0.03275017812848091,4.230595111846924,-2.5103814601898193,6.589890956878662,99.88327116109087,18.218196338524304,0.23799359658484526,6.406414473813326,17,2.282352941176472,1.1788704933699905,0.21569935512563942,29,3.288275862068966,4.700909090909091,4.807469480913775,0.7999999999999972,0.032243718034245035,0.28641316433177666,call_f68d3459fdc7,synthetic,train
0.03672824800014496,0.06865914165973663,0.18633828849838643,0.046759080648844736,0.13322986662387848,0.07135982811450958,1599.8184149231752,426.2883579555861,1122.6716888676751,191.45036297975585,2961.7726401774908,691.9894256673922,17.932083816691822,-422.84051513671875,191.51524353027344,19.789812088012695,35.59549331665039,1.1001139879226685,18.24167251586914,9.267680168151855,18.13431739807129,-7.172257900238037,18.370012283325195,1.5358248949050903,7.737184047698975,-3.110138416290283,11.389042854309082,2.8207406997680664,8.553391456604004,-2.3315234184265137,8.661787033081055,-0.4498763680458069,7.239036560058594,-1.35660719871521,7.063362121582031,-1.1436643600463867,6.69838285446167,-2.6080715656280518,7.803308963775635,109.90474678114686,34.074307629586976,0.3674868898749496,10.996523683239168,15,2.521333333333332,2.3207178965905264,0.23840141200201703,21,3.6514285714285717,3.416842105263158,1.7021752418645437,0.480000000000004,0.014246091780131058,0.29248613212304586,call_f6ce5de7ac09,synthetic,val
0.014589306898415089,0.027546951547265053,0.12035342858096765,0.12130684602570176,0.09528562426567078,0.1395123451948166,871.9158303790874,731.7513695710306,702.496164720524,529.8687998415877,1701.1003319597069,1399.2404398713234,21.573556346008463,-475.6478576660156,169.3493194580078,29.471216201782227,39.74380874633789,3.677751064300537,20.20917510986328,3.3424320220947266,14.402772903442383,-4.98076868057251,16.694982528686523,-4.290878772735596,11.372269630432129,-7.614851474761963,14.683547973632812,-6.8050456047058105,12.743378639221191,-4.056830406188965,8.865265846252441,-0.9282733201980591,5.978255748748779,-1.6761038303375244,6.1058173179626465,-1.0389114618301392,5.481560707092285,-1.8778345584869385,6.499006271362305,109.90890148574834,30.663306011423796,0.23595848595848595,10.879990466405927,24,2.430833333333335,2.357003600383803,0.2783396946564887,27,4.165185185185184,2.9759999999999986,3.198759759656858,0.07999999999998408,0.019179389312977184,0.20429389312977098,call_fa4d7f2897f4,human,train
0.022556792944669724,0.03944209963083267,0.1861549649796656,0.047739576844845165,0.12794138491153717,0.07992108911275864,1573.952382085641,424.8259021280062,1097.2640668670876,214.4613724676405,2910.51633811568,722.9416316773164,18.478134915806443,-458.68841552734375,174.66952514648438,20.48008155822754,32.415771484375,-2.2635982036590576,21.18018341064453,-0.28199824690818787,11.19212532043457,-14.261026382446289,28.229049682617188,-2.894115924835205,9.639580726623535,-10.651042938232422,20.21096420288086,1.0768404006958008,5.135082244873047,-5.306448459625244,12.015921592712402,0.7720356583595276,4.758103370666504,-4.305992603302002,9.465819358825684,-3.1114675998687744,8.015924453735352,-3.727304697036743,8.53976058959961,208.65812075886387,70.21040530335641,0.31812019882512427,15.61377762047598,14,2.8642857142857143,2.704918045459615,0.28319209039548027,20,3.527999999999998,5.448000000000001,4.514272477376615,1.5,0.01002824858757057,0.22853107344632784,call_fa9e18dd83dd,synthetic,val
0.015711432322859764,0.029914144426584244,0.09742071419315826,0.12061890380030485,0.053974200040102005,0.11872976273298264,675.3919992439914,702.2232019857806,523.9340910347516,516.9438457978154,1268.2125194367657,1334.8754265286996,23.572902129707643,-481.7640075683594,160.50238037109375,21.70511245727539,33.92301559448242,-3.9461824893951416,26.118242263793945,-2.4350523948669434,16.48508071899414,-10.132851600646973,23.318300247192383,-2.3351938724517822,11.214310646057129,-6.437561988830566,15.562628746032715,-2.444328546524048,8.940485000610352,-2.958996534347534,10.08544635772705,0.5996058583259583,5.93833065032959,0.5629616975784302,6.533807277679443,-1.1039893627166748,6.34824275970459,-1.946462631225586,6.829486846923828,250.03160466910904,149.00161769739364,0.2985487214927436,33.30438914839767,17,3.125882352941177,2.184078911587565,0.28696403499297984,26,3.736923076923079,4.826956521739131,5.1650046801465495,0.6999999999999957,0.02030456852791889,0.2086618425315907,call_fce92bad5095,human,train
0.01124560832977295,0.027532929554581642,0.14941300713706773,0.13379851998521533,0.10462641716003418,0.1369260847568512,1125.6164977213161,804.6454161725179,793.4783687144482,501.77356374907725,2022.3145938400576,1385.4298444090568,21.04292848769347,-494.24334716796875,149.9840545654297,23.394420623779297,36.751094818115234,-6.599184513092041,24.790008544921875,-1.3347485065460205,16.834674835205078,-1.371773600578308,18.196243286132812,-5.377938747406006,13.396712303161621,-1.8777108192443848,11.243264198303223,-4.559604644775391,12.117313385009766,-1.8505686521530151,8.037361145019531,-0.7593246698379517,7.172171592712402,-1.8184226751327515,7.042720794677734,0.743251383304596,6.122082233428955,-1.7873700857162476,6.451768398284912,129.79805549547956,78.71541746145681,0.11779538904899135,12.77173658830384,43,1.147441860465119,1.3998672578652054,0.27781531531531595,26,4.058461538461539,2.516,2.9757257938190484,0.1599999999999966,0.09740990990991027,0.2254504504504501,call_fb1405943fed,human,val
0.024112911894917488,0.05378323420882225,0.19159638622965358,0.04033573523857517,0.13903355598449707,0.06929238885641098,1629.344685095221,426.10399671454707,1119.2723204512222,217.93383969504575,2985.6238261686144,733.9060249403988,17.864171792315343,-467.8533935546875,150.24783325195312,15.637210845947266,32.281166076660156,-1.1593221426010132,14.932113647460938,0.9842391014099121,9.030058860778809,-8.166338920593262,22.295469284057617,-3.66658616065979,11.861716270446777,-5.829079627990723,15.760614395141602,0.28160372376441956,5.431612491607666,-3.391324758529663,10.14382553100586,0.3275333046913147,4.4998250007629395,-1.713529348373413,6.569791316986084,-0.929547905921936,5.217978000640869,-1.3449175357818604,5.763367652893066,193.920261342336,67.77310144230026,0.253338898163606,15.32299196131317,7,4.088571428571426,3.7558465987669654,0.1866927592954989,18,3.958888888888885,9.27714285714286,8.208197495336536,1.8999999999999986,0.006131767775603447,0.3545988258317032,call_fdc3a7dac09f,synthetic,train
0.025707721710205078,0.058235879987478256,0.19035132336821642,0.03723644405756624,0.14521558582782745,0.06535660475492477,1668.2773006854334,371.9971941280614,1149.8793828116168,161.1636504384304,3060.2961097782927,619.2633472242704,17.575847091892705,-423.3270263671875,152.08949279785156,14.379007339477539,32.06993865966797,0.6106590628623962,14.970417976379395,5.2659406661987305,15.691169738769531,-5.226742267608643,16.328868865966797,0.8731239438056946,6.939846038818359,-3.372171401977539,11.235054969787598,0.4817812144756317,6.438085079193115,-1.512569785118103,6.8856916427612305,-0.07703499495983124,5.920434951782227,-0.9090030789375305,5.8118720054626465,-0.6407283544540405,5.1665239334106445,-2.2513844966888428,7.08601188659668,116.62639031713181,32.78189645181118,0.21409662475181998,11.243249665918981,16,2.0337500000000004,1.5373633069317092,0.16828713280926771,37,2.6243243243243226,7.808387096774195,4.323206021203358,3.0400000000000063,0.012618949110467546,0.3421597021100542,call_fc8bda4b3374,synthetic,val
0.03734981641173363,0.06915748119354248,0.1823998552755658,0.0431301916338459,0.1254599541425705,0.08043809235095978,1537.7644544764187,479.17112357196964,1066.5219283944818,260.93316021445884,2816.8744761106454,863.8260123797952,18.322477997944706,-396.9229431152344,145.66921997070312,20.959909439086914,36.39442443847656,-4.709956645965576,18.385358810424805,-2.8944056034088135,9.864033699035645,-15.210362434387207,29.1561222076416,-3.981449842453003,11.249895095825195,-5.692745208740234,13.928788185119629,-1.0846267938613892,6.66509485244751,-6.352603912353516,12.515748977661133,-2.4657182693481445,7.218496799468994,-3.050896644592285,7.616275310516357,-3.4523518085479736,7.295838832855225,-1.8857835531234741,5.2778754234313965,227.26789178087932,77.72727570508506,0.26823134953897737,19.32546138715345,12,1.5849999999999993,1.564398180344974,0.24927916120576663,14,2.462857142857142,3.14,3.4948585613206684,0.1599999999999966,0.02804718217562255,0.3268676277850592,call_ff4042587962,synthetic,train
0.026482896879315376,0.039972033351659775,0.1895329697327044,0.060488380571361126,0.1367729753255844,0.15451152622699738,1483.7412702455847,500.4815125967772,1035.1377551454189,283.1259718780358,2710.6918238993712,899.0274294512565,19.316198217871012,-437.88629150390625,196.01121520996094,25.09083366394043,35.791629791259766,-8.43908405303955,24.64095687866211,5.780333042144775,15.081734657287598,-13.401369094848633,25.59854507446289,-2.5359580516815186,9.733508110046387,-11.228057861328125,19.673664093017578,-1.9922475814819336,9.89705753326416,-6.295042037963867,12.547992706298828,-1.5737477540969849,7.391928195953369,-2.9895455837249756,8.535616874694824,-1.925281286239624,7.294515132904053,-2.819369316101074,7.5416693687438965,184.78705148931056,47.53736982253269,0.3611859838274933,11.908897071138123,12,3.9899999999999998,3.2265513064777593,0.3361887375368628,16,3.778750000000003,3.4728571428571433,2.5210157492890164,1.7199999999999989,0.01165566633899731,0.25094790057576155,call_fe828697f60d,synthetic,train
0.08049383014440536,0.10897234827280045,0.1780913537289916,0.051514927207654805,0.10263051837682724,0.08792014420032501,1410.5146021352118,498.1331824941179,1003.585117621247,259.9930006942847,2612.9917876241407,866.3417254969819,19.34886363169716,-317.4320068359375,170.73809814453125,30.593027114868164,38.17606735229492,-9.56309986114502,24.832626342773438,1.2276009321212769,10.14730453491211,-24.776857376098633,32.72129821777344,-6.235988616943359,12.663333892822266,-9.876867294311523,15.614264488220215,-4.619388580322266,8.754039764404297,-8.680118560791016,12.543563842773438,-6.7645111083984375,10.20718002319336,-6.868831634521484,9.820454597473145,-6.671338081359863,9.440119743347168,-3.358356237411499,6.4000396728515625,232.68653259103215,58.47972244272835,0.4411764705882353,15.01394180563353,14,5.031428571428576,6.815996790264644,0.4205373134328361,16,3.3487499999999986,5.472857142857143,3.6212279459783665,2.4399999999999977,0.011820895522388306,0.2714029850746269,call_fdc44f969ade,synthetic,train
0.03834129497408867,0.06074822321534157,0.16960849054094315,0.039140785525440924,0.0283475574105978,0.01730399578809738,964.9655266819755,168.5736063507703,768.744719505377,101.94932367809831,1802.1657941777323,339.0785666168408,21.161241345700244,-234.95071411132812,80.75033569335938,82.4253921508789,18.13540267944336,-25.984086990356445,23.001724243164062,11.072961807250977,14.28477954864502,-39.249820709228516,17.148534774780273,-17.338308334350586,11.895837783813477,-19.826122283935547,12.354509353637695,1.1667454242706299,11.687418937683105,-11.684330940246582,10.760114669799805,-5.257235050201416,8.634986877441406,-9.072776794433594,8.559795379638672,-9.557489395141602,8.38004207611084,-11.25012493133545,7.4155168533325195,210.33289137327287,65.43160592868753,0.19101123595505617,17.852076908587474,36,1.147777777777778,0.9246534218923784,0.21983400723558208,18,3.4555555555555575,3.07,2.654373749116725,0.14000000000001478,0.04139178548627377,0.4906363055969354,call_fe8e4fc3ef69,synthetic,train
0.02143624983727932,0.0333046056330204,0.14740282735123802,0.11995671400976174,0.10045131295919418,0.13904227316379547,988.8951520566444,653.5366028918511,802.6859475956869,460.6580006576528,1910.8785318490416,1266.9571523352345,21.44510093667048,-425.3756408691406,184.08377075195312,40.15359878540039,45.45870590209961,-0.3335258364677429,24.602508544921875,-1.5255472660064697,16.462507247924805,-6.042436599731445,14.944123268127441,-5.778879165649414,12.877599716186523,-11.79975700378418,16.4362735748291,-8.801252365112305,13.051934242248535,-4.922136306762695,8.673694610595703,-1.7841769456863403,7.030874729156494,-1.4626624584197998,6.0608954429626465,-2.4230844974517822,6.08321475982666,-3.9002833366394043,7.406949043273926,112.43611102826962,44.71002033503666,0.33506389776357826,11.617309043820335,16,4.016249999999999,4.196720259619409,0.40112359550561794,22,3.23909090909091,4.840000000000003,6.967234594495642,0.6800000000000002,0.015480649188514172,0.16953807740324556,call_fff8cae57de7,human,train
0.03406709060072899,0.04132748767733574,0.19282254599199153,0.06012085602823441,0.104031503200531,0.09356386214494705,1417.3423795827507,477.5903510304216,1014.315379407697,247.96678614865144,2607.2335864309457,855.5328730375192,19.94438845429051,-398.0932922363281,208.87440490722656,35.26461410522461,40.168880462646484,-10.749329566955566,26.73854637145996,6.252630233764648,16.91550064086914,-17.816789627075195,27.04969024658203,-3.4996049404144287,11.088606834411621,-15.091631889343262,21.096874237060547,-2.9223055839538574,11.121201515197754,-9.251605033874512,13.94950008392334,-3.3600311279296875,8.942887306213379,-4.253381729125977,9.27248764038086,-3.7023680210113525,8.4308500289917,-3.9763922691345215,7.864169120788574,187.4187908242954,52.17656478198383,0.49924448473859173,13.445192474703612,20,4.743999999999997,4.379710492715247,0.44813905157755496,18,4.192222222222218,4.103333333333337,3.7569210206704584,1.4799999999999995,0.0017948233515964434,0.1972416399017577,call_feaca5a8cd14,synthetic,train
